,Ticker,Average RMSE,Std. Dev. RMSE,Average MAPE,Std. Dev. MAPE,Model Order
0,A,0.14240000000000003,0.13849418760366805,3.0266,4.715628424717113,"(0, 1, 1)"
1,AAL,0.0226,0.012939860895697451,1.5904,1.0055336095824943,"(1, 1, 1)"
2,AAPL,0.1008,0.06000133331851884,4.056399999999999,5.726731898735961,"(1, 1, 0)"
3,ABBV,0.3068,0.3812460622747466,3.5552000000000006,1.9693084471458502,"(2, 1, 1)"
4,ABNB,0.0475,0.023499999999999997,0.614,0.41000000000000003,"(1, 1, 2)"
5,ABT,0.1528,0.17491072008313271,1.9798000000000002,1.2713094666523963,"(0, 1, 0)"
6,ACGL,0.0804,0.07208217532788531,3.0694,3.7889539770232097,"(0, 1, 1)"
7,ACN,0.31999999999999995,0.4515688208900167,1.9402000000000001,0.734583528266187,"(3, 1, 1)"
8,ADBE,0.0698,0.06415418926305591,3.521,3.2077627717772397,"(3, 1, 0)"
9,ADI,0.2238,0.22842889484476345,0.9697999999999999,0.40257193146070186,"(0, 1, 1)"
10,ADM,0.1794,0.18806871084792387,2.5789999999999997,1.954486735693031,"(2, 1, 0)"
11,ADP,0.2968,0.3720421481499106,29.905400000000004,35.131689037676516,"(1, 1, 0)"
12,ADSK,0.084,0.11816429240680114,3.7896,3.0738237815463654,"(3, 1, 1)"
13,AEE,0.0758,0.04166245312028566,0.8396000000000001,0.33273028115877884,"(1, 0, 0)"
14,AEP,0.1004,0.10710107375745587,1.0535999999999999,1.0988311244226747,"(0, 1, 1)"
15,AES,0.075,0.07246240404513225,3.2714000000000008,3.6820247473367154,"(0, 1, 1)"
16,AFL,0.06720000000000001,0.07306545011152672,1.8801999999999999,1.7389224709572306,"(1, 1, 0)"
17,AIG,0.06480000000000001,0.04593647787978526,1.3434000000000001,0.5825017081520019,"(1, 1, 0)"
18,AIZ,0.0606,0.053652958911881085,2.0813999999999995,1.236075984719386,"(0, 1, 1)"
19,AJG,0.057600000000000005,0.03127043331967116,1.5904,1.1901999159805043,"(0, 1, 0)"
20,AKAM,0.0274,0.02642423130386199,34582999624313.1,69165999248625.266,"(3, 1, 1)"
21,ALB,0.10880000000000001,0.10795814003584908,2.9296,2.7820677633731354,"(0, 1, 0)"
22,ALGN,0.04,0.036513011379506896,5.485200000000001,9.74176184065285,"(0, 1, 0)"
23,ALK,0.0832,0.10287351457007775,3.178,3.209621161445693,"(2, 1, 1)"
24,ALL,0.1498,0.17729230101727486,1.4532,0.5837223312500559,"(2, 1, 0)"
25,ALLE,0.09680000000000001,0.08942125027083887,2.4006,1.8822853768756747,"(0, 1, 2)"
26,AMAT,0.15940000000000001,0.22467362996132859,2.3324000000000003,2.4814955651783865,"(1, 1, 1)"
27,AMCR,0.0248,0.028722116913625986,31066091104954.4,35720579537671.04,"(1, 1, 0)"
28,AMD,0.1278,0.14118555166871716,1.1101999999999999,0.7451733757992162,"(1, 1, 1)"
29,AME,0.037,0.02512369399590753,1.4145999999999999,1.7019873795066756,"(1, 1, 0)"
30,AMGN,0.376,0.5926857514737469,2.1350000000000002,2.1731481311682366,"(1, 1, 1)"
31,AMP,0.06799999999999999,0.07866892652121293,1.2554,1.20166111695436,"(1, 1, 1)"
32,AMT,0.13900000000000004,0.21184333834227598,1.1810000000000003,0.4393053607685661,"(0, 1, 1)"
33,AMZN,0.177,0.14756557864217523,5.1922,5.474207719844032,"(0, 1, 2)"
34,ANET,0.12000000000000002,0.10566929544574431,1.9034,2.3143136001847284,"(1, 1, 1)"
35,ANSS,0.1472,0.09360213672774784,1.4014,0.7702837399296444,"(0, 1, 1)"
36,AON,0.077,0.0417612260356422,2.9336,4.349912394520147,"(1, 1, 0)"
37,AOS,0.0414,0.025507645912549434,1.347,1.5097728305940599,"(1, 1, 0)"
38,APA,0.0708,0.0690837173290494,1.1812,0.9368736094052389,"(1, 1, 0)"
39,APD,0.0794,0.10270462501757162,1.0372000000000001,0.699864672633217,"(0, 1, 0)"
40,APH,0.07980000000000001,0.04422849760052901,5.29,8.627209421359842,"(1, 1, 0)"
41,APTV,0.062,0.06020631196145467,1.2186,0.2935674368863141,"(1, 1, 1)"
42,ARE,0.0478,0.04960403209417556,1.2718,1.095699484347784,"(0, 1, 2)"
43,ATO,0.11739999999999999,0.14898939559579397,5003293313037.557,10006586626073.14,"(2, 1, 0)"
44,ATVI,0.189,0.2600476879343479,4.3334,5.546673475156078,"(1, 1, 0)"
45,AVB,0.0928,0.08052428205206179,1117309337098.525,2234618674185.384,"(3, 1, 1)"
46,AVGO,0.2692,0.32997357469955074,1.4024,0.8062926515850185,"(1, 1, 0)"
47,AVY,0.2466,0.3181481415944465,3.6433999999999997,3.2762154141631163,"(3, 1, 1)"
48,AWK,0.08700000000000001,0.047787027528399376,1.0196,0.4602927763934603,"(0, 1, 1)"
49,AXON,0.13879999999999998,0.13596676064391622,1.5514000000000001,0.7971826892249981,"(3, 1, 1)"
50,AXP,0.0906,0.09110784818005527,29.336400000000005,55.81863681101502,"(1, 1, 2)"
51,AZO,0.16520000000000004,0.26015948954439466,1.4674,0.7661831634798562,"(2, 1, 1)"
52,BA,0.10300000000000001,0.10020578825596853,1.4934,0.3980696421482051,"(1, 1, 1)"
53,BAC,0.1072,0.17803640077242633,1.1830000000000003,0.8246041474550077,"(0, 1, 1)"
54,BALL,0.22479999999999994,0.40431393742981453,1.4149999999999998,1.184925651676087,"(0, 1, 0)"
55,BAX,0.289,0.34013761920728497,1.9380000000000002,1.1871882748747142,"(0, 1, 1)"
56,BBWI,0.046,0.05317142089506354,1.2464,0.24104074344392484,"(1, 1, 1)"
57,BBY,0.13840000000000002,0.09240476178206403,2.216,1.5177765316409397,"(0, 1, 1)"
58,BDX,0.2198,0.13132311296949978,0.8632,0.5063048093786984,"(0, 1, 1)"
59,BEN,0.0528,0.029081953166869654,3.3196,3.589875351596487,"(1, 1, 0)"
60,BG,0.0168,0.00530659966456864,1.7724,1.304765511500055,"(1, 1, 2)"
61,BIIB,0.08280000000000001,0.10360193048394417,4.022,6.480451712650901,"(0, 1, 1)"
62,BIO,0.152,0.15081114017207087,4.980600000000001,6.039097204052936,"(0, 1, 2)"
63,BK,0.1756,0.27110706372206533,6.1912,7.9855943147645565,"(1, 1, 2)"
64,BKNG,0.029000000000000005,0.03648561360317242,0.9712000000000002,0.4726670709918346,"(0, 1, 0)"
65,BKR,0.0588,0.06297745628397514,15.378400000000003,28.63714649611585,"(1, 1, 1)"
66,BLK,0.0932,0.11669858610968688,76176395263866.97,152352790527724.06,"(0, 1, 1)"
67,BMY,0.09960000000000001,0.08257021254665632,5.785,6.8314406386940085,"(3, 1, 0)"
68,BR,0.09219999999999999,0.06845553301231391,1.4862,0.8058472311797069,"(0, 1, 0)"
69,BRO,0.1418,0.10938080270321661,1.9476,2.275525750238832,"(1, 1, 1)"
70,BSX,0.0874,0.03831761996784247,4.703200000000001,6.629500053548533,"(0, 1, 0)"
71,BWA,0.0762,0.019456618411224494,4.7402,3.5813891383093237,"(3, 1, 0)"
72,BX,0.092,0.046805982523604815,2.4036,1.9671217145870767,"(0, 1, 1)"
73,BXP,0.06820000000000001,0.05596213005238454,2.5336,1.9235282789707042,"(0, 1, 2)"
74,C,0.09699999999999999,0.112777657361731,1.0074,0.2803830237371729,"(0, 1, 2)"
75,CAG,0.09380000000000001,0.06434407509631325,1.1532000000000002,0.5778440620098125,"(2, 1, 0)"
76,CAH,0.09420000000000002,0.05768674024418437,0.9646000000000001,0.5620806347847256,"(1, 1, 2)"
77,CARR,0.061,0.0020000000000000018,0.9315,0.07549999999999996,"(3, 1, 1)"
78,CAT,0.07899999999999999,0.019585709075752147,37.0416,71.93611517895583,"(1, 1, 0)"
79,CB,0.1848,0.15238950095068884,1.7605999999999997,1.0392152038918598,"(5, 1, 0)"
80,CBOE,0.14220000000000002,0.18470018949638356,7.8908000000000005,13.354467812683515,"(2, 1, 0)"
81,CBRE,0.20580000000000004,0.3509731613670766,3.5061999999999998,2.0660011035815056,"(1, 1, 2)"
82,CCI,0.1022,0.08243154735900571,2.4856000000000003,2.9774625169764946,"(0, 1, 1)"
83,CCL,0.0826,0.07579868072730554,1.4773999999999998,1.0219292734822698,"(1, 1, 0)"
84,CDAY,0.07566666666666667,0.07669130039030211,0.8326666666666668,0.4713557278979669,"(0, 1, 4)"
85,CDNS,0.1044,0.09963653948226024,1.1658,0.825997433410056,"(0, 1, 1)"
86,CDW,0.0518,0.03133943203059047,3.4571999999999994,4.365304543786149,"(1, 1, 1)"
87,CE,0.0508,0.03036050065463348,5.2032,6.261054556542373,"(1, 1, 1)"
88,CEG,0.167,0.0,0.956,0.0,"(0, 1, 0)"
89,CF,0.0914,0.051309258423797154,1.168,0.3348163675807979,"(1, 1, 2)"
90,CFG,0.0496,0.03731809212700992,1.6603999999999999,1.5808702160519057,"(1, 1, 2)"
91,CHD,0.1006,0.07086494196709682,1.0844,0.2962725771987681,"(2, 1, 1)"
92,CHRW,0.0514,0.04500044444224968,1.8701999999999999,1.8947584964844464,"(3, 0, 0)"
93,CHTR,0.0866,0.0648154302616283,4.4914000000000005,4.83506093446608,"(0, 1, 1)"
94,CI,0.1558,0.10172590623828327,32.3434,60.81227285211432,"(1, 1, 0)"
95,CINF,0.1172,0.08449236651911224,2.665,1.3771650590978555,"(0, 1, 1)"
96,CL,0.08459999999999998,0.07333921188559364,1.7625999999999997,1.8441305376789356,"(1, 0, 0)"
97,CLX,0.19160000000000002,0.21401551345638473,1.611,0.8295256475842082,"(0, 1, 0)"
98,CMA,0.028800000000000003,0.029376180827330158,1.5444,1.2368978292486408,"(0, 1, 4)"
99,CMCSA,0.08299999999999999,0.08849406759777742,2.5103999999999997,2.363960371918277,"(0, 1, 1)"
100,CME,0.1316,0.14921742525589965,2.4422,2.088989937745034,"(0, 1, 1)"
101,CMG,0.10740000000000001,0.11282481996440322,1.6292000000000002,0.6139581093201718,"(3, 1, 1)"
102,CMI,0.07100000000000001,0.09033936019255394,1.3820000000000001,0.5156037238034651,"(1, 1, 0)"
103,CMS,0.24339999999999998,0.2929659365864912,2.1684,1.512111583184257,"(2, 1, 0)"
104,CNC,0.18,0.12841027996231455,2.0564,1.8965766633595385,"(4, 1, 1)"
105,CNP,0.11139999999999999,0.1001391032514272,0.8775999999999999,0.3651129140416701,"(3, 1, 0)"
106,COF,0.1056,0.07590678494047814,1.9844000000000002,0.7983469421247882,"(1, 1, 2)"
107,COO,0.08080000000000001,0.06110777364623914,2.1211999999999995,1.3830345476523715,"(3, 1, 1)"
108,COP,0.0264,0.03097482849024349,1.9099999999999997,1.5950522248503338,"(1, 1, 0)"
109,COR,0.1752,0.2404798536260366,1.2082000000000002,0.9448518190700592,"(1, 1, 0)"
110,COST,0.26979999999999993,0.2081051657215649,2.3146,0.9514346220313826,"(2, 1, 1)"
111,CPB,0.12160000000000001,0.08764838846208184,2.8092,3.951570998982556,"(2, 1, 1)"
112,CPRT,0.07120000000000001,0.09540104821227072,1.1334,1.0542076835235077,"(1, 1, 0)"
113,CPT,0.046,0.02498799711861677,1.3572000000000002,0.8918834901487975,"(1, 1, 1)"
114,CRL,0.39459999999999995,0.47738814396673074,5.3532,5.492620955427381,"(1, 1, 0)"
115,CRM,0.11560000000000001,0.09546852884589768,27704788432120.574,55409576864238.9,"(0, 1, 0)"
116,CSCO,0.0622,0.02978187368182197,3.1108000000000002,4.491682998609764,"(1, 1, 0)"
117,CSGP,0.1854,0.23408425833447238,2.2830000000000004,2.522000237906412,"(0, 1, 1)"
118,CSX,0.0762,0.02728662676110772,1.2968,0.5537036752632224,"(0, 1, 1)"
119,CTAS,0.08880000000000002,0.08831172062642648,1.6216000000000002,1.1328160662702484,"(1, 1, 0)"
120,CTLT,0.1578,0.13583725556709395,3.6670000000000003,3.634886463151222,"(2, 1, 1)"
121,CTRA,0.053200000000000004,0.052457220665986494,1.5254,1.6824585106325802,"(0, 1, 1)"
122,CTSH,0.059800000000000006,0.09336037703437147,0.9738,0.4765099789091515,"(1, 1, 1)"
123,CTVA,0.267,0.28935906183609783,0.8276666666666667,0.45229366075101646,"(1, 1, 0)"
124,CVS,0.29419999999999996,0.4772049454898806,5.8012,5.3280175450161575,"(1, 1, 0)"
125,CVX,0.0588,0.049765047975461656,19.671,27.157308084565376,"(0, 1, 1)"
126,CZR,0.1262,0.1671770319152724,1.3498,1.3041986658481137,"(3, 1, 1)"
127,D,0.0442,0.0313521929057602,0.8922000000000001,0.5521396200237761,"(0, 1, 1)"
128,DAL,0.0254,0.026203816515919964,2.1212,1.5131679880304103,"(1, 1, 1)"
129,DD,0.0646,0.054042945885656536,1.5068000000000001,0.5336108694545117,"(3, 1, 1)"
130,DE,0.27379999999999993,0.45741639673278,1.1880000000000002,1.000133991023203,"(6, 1, 1)"
131,DFS,0.13540000000000002,0.13934647465938993,1.0926,0.6423636353343798,"(3, 0, 1)"
132,DG,0.1348,0.14460484085949543,1.0734,0.793068370318726,"(0, 1, 0)"
133,DGX,0.16740000000000002,0.19316272932426692,3.3754,3.004678724922184,"(1, 0, 1)"
134,DHI,0.3672,0.5883976206614028,1.6740000000000002,0.7997427086257182,"(3, 1, 1)"
135,DHR,0.095,0.10487516388545001,1.2202,0.45246763420160785,"(0, 1, 1)"
136,DIS,0.3154,0.47765786919090947,1.5830000000000002,0.927384925475932,"(0, 1, 2)"
137,DLR,0.064,0.019089263998384013,2.0592,1.1178245658420645,"(0, 1, 1)"
138,DLTR,0.3498,0.6070655318826791,3.34,2.5903342641443015,"(1, 1, 0)"
139,DOV,0.06939999999999999,0.03674016875301473,1.9777999999999998,1.642632204725087,"(1, 1, 0)"
140,DOW,0.054,0.038218669085496246,1.6056666666666668,0.6220827026118704,"(1, 1, 1)"
141,DPZ,0.3118,0.20380912639035573,1.3732,0.6986256222040529,"(0, 1, 1)"
142,DRI,0.15860000000000002,0.19077798615144256,3.0842,3.507674409063646,"(0, 1, 0)"
143,DTE,0.1612,0.1571004774022027,1.1898,0.7051636405828083,"(2, 1, 0)"
144,DUK,0.0424,0.049548360215046466,0.869,0.6889359912212455,"(0, 1, 1)"
145,DVA,0.251,0.3254295622711619,5.022799999999999,8.313760025403667,"(3, 1, 0)"
146,DVN,0.024,0.016601204775557706,1.6119999999999997,1.2300856880721764,"(3, 1, 0)"
147,DXC,0.08940000000000001,0.07770096524496978,1.8354000000000004,0.9682430686558,"(3, 1, 1)"
148,DXCM,0.23819999999999997,0.21063845802701844,1.0728,0.3009215180076027,"(3, 1, 1)"
149,EA,0.08,0.0696218356552023,0.7444,0.4058263668122119,"(1, 0, 0)"
150,EBAY,0.09359999999999999,0.112721958819034,1.0981999999999998,0.5743230449842666,"(2, 1, 1)"
151,ECL,0.055200000000000006,0.06281846862189494,2.2003999999999997,3.243090415020833,"(0, 1, 1)"
152,ED,0.16840000000000002,0.19494573603954513,1.0650000000000002,0.8685555825622214,"(0, 1, 1)"
153,EFX,0.19019999999999998,0.2805618648355474,2.2399999999999998,1.7020108107764766,"(3, 1, 2)"
154,EG,0.10840000000000001,0.12128742721321117,6.1934000000000005,9.186842082021439,"(1, 1, 1)"
155,EIX,0.20020000000000002,0.2925073674285829,0.7348000000000001,0.3222703213142656,"(2, 1, 0)"
156,EL,0.10740000000000001,0.11125034831406147,2.1041999999999996,1.5958605703506807,"(3, 1, 1)"
157,ELV,0.10800000000000001,0.07278461375867842,1.7348,1.2509523412184815,"(3, 0, 1)"
158,EMN,0.0378,0.04052357338636365,2.3526,3.9111033532751343,"(0, 1, 1)"
159,EMR,0.085,0.09764630049315744,1.5336000000000003,1.5687238890257267,"(1, 1, 0)"
160,ENPH,0.074,0.022512218904408337,1.6945999999999999,0.8961724387638799,"(3, 1, 1)"
161,EOG,0.0548,0.03324093861490677,14.2406,24.689817063720824,"(1, 1, 1)"
162,EPAM,0.0786,0.09974888470554447,4.7168,5.014438768197294,"(0, 1, 0)"
163,EQIX,0.08059999999999999,0.0556151058616272,1.1568,0.5208087556867684,"(0, 1, 1)"
164,EQR,0.0496,0.03954035912836402,8.360000000000001,13.66166686755317,"(2, 1, 1)"
165,EQT,0.08080000000000001,0.06718154508494129,2.0666,1.5586578328805845,"(0, 1, 1)"
166,ES,0.1528,0.1373832595333216,1.4289999999999998,0.8427970099614734,"(0, 1, 2)"
167,ESS,0.0728,0.046473218093865634,2.9863999999999997,2.8179708018359593,"(2, 1, 1)"
168,ETN,0.06280000000000001,0.04281308211283089,0.9994,1.0484376185543898,"(1, 1, 1)"
169,ETR,0.12679999999999997,0.10652023281987323,1.4978,1.66251019846496,"(0, 1, 0)"
170,ETSY,0.1096,0.05549990990983679,2.0776,2.561593144900259,"(0, 1, 1)"
171,EVRG,0.2364,0.3805399322016022,1.5181999999999998,0.7444711948759334,"(3, 1, 1)"
172,EW,0.0344,0.029363923443572724,2.3048,1.2837755878657298,"(0, 1, 1)"
173,EXC,0.32700000000000007,0.46242664283105495,0.9582,0.1557374714062098,"(2, 1, 0)"
174,EXPD,0.04939999999999999,0.04090281163929932,1.1138000000000001,0.3959289835311378,"(0, 1, 0)"
175,EXPE,0.17960000000000004,0.24889805141864813,0.7128,0.546255764271646,"(0, 1, 1)"
176,EXR,0.08659999999999998,0.06631621219581227,1.4618,2.097862760048903,"(0, 1, 1)"
177,F,0.062,0.051447060168682134,0.9578,0.46641758114376436,"(0, 1, 0)"
178,FANG,0.1022,0.10562083127868288,3.5378,2.3304230860511144,"(1, 1, 0)"
179,FAST,0.1824,0.11338712448951159,1.6718,0.9722663009690299,"(2, 1, 1)"
180,FCX,0.0742,0.07398756652303143,2.997,3.215702909163096,"(2, 1, 0)"
181,FDS,0.0678,0.05262470902532383,2.1990000000000003,2.8626233423208163,"(2, 0, 0)"
182,FDX,0.08980000000000002,0.137255090980262,0.8480000000000001,0.33964334234605575,"(1, 1, 1)"
183,FE,0.23680000000000004,0.3222572885133865,0.9868,0.4412765119514067,"(0, 1, 0)"
184,FFIV,0.321,0.4398613417885232,1.126,0.3877421823841197,"(1, 1, 0)"
185,FI,0.18180000000000002,0.09045750383467366,3.0948,1.7432221200982967,"(1, 1, 0)"
186,FICO,0.2152,0.17517008877088577,4.237399999999999,3.7645814428698445,"(0, 1, 0)"
187,FIS,0.13440000000000002,0.21415564433374154,3.3507999999999996,3.304081197549479,"(3, 1, 1)"
188,FITB,0.12840000000000001,0.17800516846428927,2.143,1.7205640935460673,"(1, 1, 1)"
189,FLT,0.07160000000000001,0.09138183626957821,2.4722,3.3548777265349035,"(3, 1, 1)"
190,FMC,0.348,0.39485237747796326,1.094,0.4078818456366991,"(2, 1, 0)"
191,FOX,0.033,0.009416297927883689,2.2306666666666666,1.012255676968796,"(1, 1, 2)"
192,FOXA,0.03466666666666667,0.011728408057172785,3.1809999999999996,1.231319888033433,"(0, 1, 1)"
193,FRT,0.06540000000000001,0.06076051349355106,1.5364,0.7788475075391845,"(0, 1, 2)"
194,FSLR,0.082,0.07359076028959072,2.3586,2.2531622755585095,"(0, 1, 1)"
195,FTNT,0.11280000000000001,0.1148832450795154,1.3958,0.8964298968686842,"(1, 0, 0)"
196,FTV,0.040749999999999995,0.036649522507121425,66.39925000000001,114.13063065271962,"(0, 1, 2)"
197,GD,0.11380000000000001,0.09089202385248113,1.6149999999999998,0.823973543264588,"(2, 1, 0)"
198,GE,0.08680000000000002,0.12420209338010371,1.948,1.7089710354479388,"(3, 1, 1)"
199,GEHC,0.172,0.0,4.839,0.0,"(0, 1, 0)"
200,GEN,0.0466,0.04277195342745057,1.141,0.726191159406392,"(1, 1, 1)"
201,GILD,0.1438,0.1272719922056695,2.4276000000000004,1.8599788816005411,"(1, 1, 1)"
202,GIS,0.4024,0.587128129116635,1.3270000000000002,1.0044510938816285,"(4, 1, 0)"
203,GL,0.0976,0.09088586248696767,2.318,2.5221393300133124,"(0, 1, 1)"
204,GLW,0.1478,0.1673229213228122,1.6854,1.8032421468011444,"(1, 0, 0)"
205,GM,0.0432,0.0344174374409252,1.3108,1.111438959187593,"(0, 1, 1)"
206,GNRC,0.11900000000000002,0.16636946835282007,0.7315999999999999,0.34785548723571974,"(1, 1, 1)"
207,GOOG,0.1406,0.12028399727312024,6.6056,6.514872020231863,"(4, 1, 1)"
208,GOOGL,0.11300000000000002,0.08782482564742158,241494222726867.0,482988445453730.75,"(0, 1, 1)"
209,GPC,0.131,0.12124520609079768,1.938,2.32045693776032,"(1, 1, 0)"
210,GPN,0.11080000000000001,0.0485279301021587,21.895599999999998,32.822129702991546,"(0, 1, 0)"
211,GRMN,0.0414,0.0175681530047982,0.8646,0.5033529974083795,"(1, 0, 0)"
212,GS,0.060399999999999995,0.07868062023141405,1.032,0.9688296031810754,"(1, 1, 0)"
213,GWW,0.2102,0.19338707299093186,3.7362,5.455264884494611,"(0, 1, 0)"
214,HAL,0.0712,0.05739477328119695,2.8278000000000003,1.3682422884854861,"(1, 1, 0)"
215,HAS,0.1578,0.2428443122661101,9.685199999999998,16.9037208850596,"(1, 1, 1)"
216,HBAN,0.2162,0.3380564449910695,3.6076,5.139023432521008,"(1, 1, 1)"
217,HCA,0.2392,0.3369245612893189,3.7030000000000003,4.370905032141513,"(0, 1, 2)"
218,HD,0.0758,0.06520858839140746,2.6244,2.5503694320627357,"(2, 1, 1)"
219,HES,0.047200000000000006,0.07581398287914967,5.0386,8.703041344265808,"(1, 1, 0)"
220,HIG,0.0704,0.060307876765808954,4.5956,6.208902595467253,"(1, 1, 0)"
221,HII,0.0622,0.04404270654716851,2.5911999999999997,3.4268836805470944,"(0, 1, 1)"
222,HLT,0.1368,0.17409124044592247,1.3728,1.1041496999954308,"(2, 0, 2)"
223,HOLX,0.085,0.03500285702624859,2.9146,3.5205528883969346,"(0, 1, 0)"
224,HON,0.11040000000000001,0.08060421825190045,2.1458000000000004,1.9253009530979828,"(1, 1, 0)"
225,HPE,0.131,0.07852069790825857,1.213,0.17130236425688933,"(0, 1, 1)"
226,HPQ,0.2976,0.2307601352053686,9.342199999999998,13.470497546861436,"(2, 1, 0)"
227,HRL,0.2306,0.099989199416737,1.3446000000000002,0.48110813753250936,"(0, 1, 1)"
228,HSIC,0.096,0.077696846782865,1.5592000000000001,0.8295042857032143,"(1, 1, 0)"
229,HST,0.35900000000000004,0.564420765032613,1.6199999999999999,1.6565526855491193,"(1, 0, 0)"
230,HSY,0.0852,0.08440710870536912,1.7262,1.3378692611761436,"(2, 1, 1)"
231,HUM,0.23120000000000002,0.16505199180864194,2.148,1.0534330543513433,"(0, 1, 1)"
232,HWM,0.02125,0.02431434761617099,1.204,1.051304665641697,"(0, 1, 1)"
233,IBM,0.0526,0.037355588604651914,1.4126,0.5106684247141192,"(0, 1, 1)"
234,ICE,0.09759999999999999,0.0655548625198772,12.1826,21.402236038320858,"(0, 1, 1)"
235,IDXX,0.1646,0.13911520405764427,1.435,0.9639823649839245,"(0, 1, 1)"
236,IEX,0.065,0.05278257288158659,0.9004,0.9316247313162097,"(1, 1, 0)"
237,IFF,0.176,0.2898461660950512,1.8638000000000001,1.4258052321407717,"(0, 1, 1)"
238,ILMN,0.1758,0.3068200775699009,16.7726,30.767806555554138,"(1, 1, 1)"
239,INCY,0.0868,0.0791641332927987,1.2824000000000002,0.8188363939151704,"(0, 1, 1)"
240,INTC,0.12340000000000002,0.1271732676312125,1.5173999999999999,1.6159774255848998,"(3, 1, 1)"
241,INTU,0.20459999999999998,0.15225977801113463,2.0111999999999997,0.7934802833089175,"(0, 1, 2)"
242,INVH,0.055749999999999994,0.03087373479189066,8.62175,10.84947953532795,"(1, 1, 1)"
243,IP,0.1572,0.24277841749216506,6.8524,8.967261133701863,"(1, 1, 1)"
244,IPG,0.022799999999999997,0.0159298462013919,0.331,0.37921392379499996,"(1, 1, 0)"
245,IQV,0.10700000000000001,0.12012160505088168,1.7548000000000001,1.6270797644860562,"(1, 1, 0)"
246,IR,0.039,0.033889526405661084,3.392,4.218166367036749,"(0, 1, 1)"
247,IRM,0.5962,0.6416994311981272,1.309,0.48867780796758103,"(0, 1, 1)"
248,ISRG,0.3807999999999999,0.5796124222271293,2.7638000000000003,2.448765190866613,"(0, 1, 1)"
249,IT,0.2476,0.2698552204423698,2.0898,0.8347232834898043,"(1, 1, 0)"
250,ITW,0.21739999999999998,0.19926525035740678,2.6966,3.3518383970591423,"(1, 1, 0)"
251,IVZ,0.171,0.31762241734487195,6837101503421.445,13674203006841.617,"(1, 1, 0)"
252,J,0.08320000000000001,0.06206899386972533,2.0514,1.776867873534777,"(1, 1, 0)"
253,JBHT,0.1136,0.0844407484571282,1.0666,0.8519240811246035,"(1, 0, 0)"
254,JCI,0.08420000000000001,0.08217882939054316,1.5574,0.7552018538112839,"(2, 1, 1)"
255,JKHY,0.154,0.12384667940643382,2.0021999999999998,0.4656859027284377,"(1, 1, 0)"
256,JNJ,0.4744,0.4756879649518159,4.892799999999999,6.484684553623253,"(1, 1, 0)"
257,JNPR,0.16,0.18246972351598498,1.1503999999999999,0.6368003140702743,"(1, 1, 1)"
258,JPM,0.09140000000000001,0.10110509383804558,0.7265999999999999,0.6036110005624483,"(0, 1, 1)"
259,K,0.15960000000000002,0.08367699803410732,0.9722,0.6715192923513068,"(2, 1, 0)"
260,KDP,0.22579999999999995,0.4152249510807365,0.9001999999999999,0.7794078264939351,"(0, 1, 0)"
261,KEY,0.382,0.6719729161208806,10577351345059.41,21154702690110.117,"(1, 1, 0)"
262,KEYS,0.0778,0.0456306914258375,2.7104,2.0041438670913823,"(1, 1, 3)"
263,KHC,0.046,0.04810405388322278,52128001327835.86,104256002655669.88,"(3, 1, 1)"
264,KIM,0.1424,0.18324584579193057,1.7231999999999998,1.0345028564484489,"(4, 1, 1)"
265,KLAC,0.1338,0.10668345701185354,1.5806,0.7351983677892654,"(0, 1, 0)"
266,KMB,0.11560000000000001,0.17243735094230603,2.6506,2.0218065782858656,"(1, 1, 1)"
267,KMI,0.0402,0.01601749044014074,1.5130000000000001,1.3507405376311175,"(0, 1, 1)"
268,KMX,0.0528,0.07025781095365839,1.1492,0.8291792086153633,"(0, 1, 1)"
269,KO,0.1242,0.13166077623954675,83258016157600.0,120013821864029.03,"(0, 1, 1)"
270,KR,0.1732,0.08957321028075303,0.9026,0.1512885983807108,"(4, 1, 0)"
271,KVUE,0.07,0.0,1.235,0.0,"(1, 1, 1)"
272,L,0.06820000000000001,0.09181590276199435,1.2258,0.5859946757437307,"(0, 1, 1)"
273,LDOS,0.07220000000000001,0.08590785761500515,1.0521999999999998,0.6776271541194316,"(2, 1, 0)"
274,LEN,0.1376,0.15879748108833466,1.0672,0.41856679275833625,"(1, 1, 0)"
275,LH,0.0682,0.06801293994527806,1.8980000000000001,1.2526597303338203,"(0, 1, 1)"
276,LHX,0.11420000000000001,0.13414231248938568,1.0234,0.4816432704813803,"(0, 1, 1)"
277,LIN,0.1014,0.05643970233798191,1.9985999999999997,1.288629132062441,"(3, 1, 1)"
278,LKQ,0.0306,0.019561186058110077,1.016,0.7661206171354481,"(1, 1, 0)"
279,LLY,0.25780000000000003,0.343605238609658,1.8084,1.858127939620951,"(0, 1, 1)"
280,LMT,0.24200000000000005,0.35058351358841733,0.8301999999999999,0.9620942573365668,"(0, 1, 1)"
281,LNT,0.16499999999999998,0.2435545113521817,0.9321999999999999,0.3746557886914334,"(1, 1, 1)"
282,LOW,0.1534,0.16522179033045248,2.1515999999999997,0.9860644198022764,"(3, 1, 1)"
283,LRCX,0.23939999999999992,0.3602458049721051,1.3357999999999999,0.8089253117562832,"(0, 1, 1)"
284,LUV,0.0596,0.05126246189952254,9.8652,17.068688847125898,"(0, 1, 1)"
285,LVS,0.0884,0.05539169612857147,1.6797999999999997,1.3152142639129183,"(0, 1, 1)"
286,LW,0.065,0.08193289937503737,2.86175,3.5980499840191214,"(0, 1, 1)"
287,LYB,0.0888,0.05582615874301222,2.552,2.316812379110574,"(0, 1, 1)"
288,LYV,0.05800000000000001,0.03132411211830273,2.2808,1.8996484306313102,"(2, 1, 1)"
289,MA,0.0826,0.06185337500896778,4.7402,4.194940543082822,"(1, 1, 0)"
290,MAA,0.15100000000000002,0.1952465108523069,1.526,0.981459729178941,"(0, 1, 2)"
291,MAR,0.05639999999999999,0.052735566745793105,1.1082,0.4528286210035757,"(1, 1, 0)"
292,MAS,0.0868,0.08107872717303842,1.0376,1.0878445844880602,"(0, 1, 1)"
293,MCD,0.0474,0.02377057003944163,1.1708,1.0496663088810652,"(2, 1, 0)"
294,MCHP,0.23759999999999998,0.36117895841258524,1.5480000000000003,0.9782525236358964,"(0, 1, 0)"
295,MCK,0.1052,0.09754260607549911,1.4522,0.7934276022423219,"(2, 1, 1)"
296,MCO,0.06760000000000001,0.06826595051707696,1.2954,0.8284787504818696,"(1, 1, 0)"
297,MDLZ,0.48240000000000005,0.8885330832332581,0.6734,0.7071012940166351,"(4, 1, 0)"
298,MDT,0.3596,0.51193265182053,5.2006,6.1041318989681095,"(3, 1, 1)"
299,MET,0.0392,0.015432433379088343,2.6336000000000004,2.2228420186778908,"(0, 1, 1)"
300,META,0.0516,0.056972273958479126,19.6726,28.538022836910056,"(0, 1, 2)"
301,MGM,0.0762,0.07753038114184657,1.7635999999999998,1.8350113460139696,"(2, 1, 1)"
302,MHK,0.06640000000000001,0.08195266926708368,0.9688000000000001,0.4180714771423662,"(1, 1, 1)"
303,MKC,0.11720000000000001,0.08834115688624414,0.7902,0.4318862813287776,"(0, 1, 1)"
304,MKTX,0.1278,0.11357358847901215,3.7282,2.935425856668841,"(1, 1, 1)"
305,MLM,0.2582,0.4652218395561412,0.9676,0.5123259118959337,"(2, 1, 0)"
306,MMC,0.0988,0.12134314978605096,7.072800000000001,10.678842978525344,"(1, 1, 0)"
307,MMM,0.11220000000000001,0.12253228146084605,1.2016000000000002,0.4933135311341055,"(3, 1, 1)"
308,MNST,0.0818,0.07168095981500247,2.1592,2.7277022858075983,"(1, 1, 0)"
309,MO,0.1072,0.10252297303531535,2.8468000000000004,2.325342073760331,"(3, 1, 0)"
310,MOH,0.18339999999999998,0.06191478014173999,2.3543999999999996,1.667132820143614,"(2, 1, 0)"
311,MOS,0.0764,0.06328538535870663,1.6796,1.495674777483394,"(1, 1, 0)"
312,MPC,0.0714,0.08111374729353836,1.8806,0.8765456291602851,"(1, 1, 0)"
313,MPWR,0.21059999999999998,0.16326861302773416,1.5676,0.8953836272793914,"(0, 1, 1)"
314,MRK,0.10980000000000001,0.0974195052338083,2.4905999999999997,1.8349631712925465,"(0, 1, 1)"
315,MRNA,0.517,0.5717557753680034,1.6736666666666666,1.5190642587534677,"(2, 0, 1)"
316,MRO,0.045200000000000004,0.043700800907992526,4.3766,4.237448883467504,"(2, 1, 0)"
317,MS,0.0652,0.06625526394181823,0.8038000000000001,0.760949774952329,"(1, 0, 0)"
318,MSCI,0.2466,0.21500753475169188,4.7402,7.044647426237881,"(0, 1, 2)"
319,MSFT,0.1384,0.09249129688786939,4.752000000000001,4.095275180009275,"(1, 1, 0)"
320,MSI,0.0426,0.038825764641536684,0.6990000000000001,0.4964614788681998,"(1, 1, 0)"
321,MTB,0.16140000000000002,0.1947178471532592,2.4206000000000003,1.303948557267502,"(0, 1, 1)"
322,MTCH,0.064,0.07391075699788224,1.8634,1.3000673213337837,"(0, 1, 0)"
323,MTD,0.1906,0.22147740291054524,2.0848000000000004,2.5218951128070337,"(0, 1, 1)"
324,MU,0.12979999999999997,0.04330080830654319,3.0912,3.123910715753573,"(0, 1, 0)"
325,NCLH,0.15719999999999998,0.21422362147998522,1.8154,1.8545251252005186,"(1, 1, 2)"
326,NDAQ,0.1268,0.1254964541331746,2.2668,0.6473185923484664,"(0, 1, 1)"
327,NDSN,0.041600000000000005,0.06060231018698876,0.6738,0.5335197840755299,"(1, 1, 1)"
328,NEE,0.21500000000000002,0.17012466017600153,1.6788,1.1751892443347156,"(0, 1, 0)"
329,NEM,0.23579999999999995,0.26924590990393893,1.3054,0.5463136827867301,"(1, 1, 2)"
330,NFLX,0.045200000000000004,0.05290519823230984,2.344,2.935592682917711,"(1, 1, 1)"
331,NI,0.1244,0.11115322757347174,1.9604,1.7378470128293801,"(2, 1, 0)"
332,NKE,0.3078,0.5226985364433309,7.8447999999999976,12.964007565563973,"(0, 1, 2)"
333,NOC,0.19319999999999998,0.13085778540079304,1.6035999999999997,0.8174263514225608,"(1, 1, 0)"
334,NOW,0.137,0.1472752525036029,1.452,0.541240427167077,"(0, 1, 1)"
335,NRG,0.057199999999999994,0.05530063290777059,1.2822,0.8220032603341668,"(1, 0, 0)"
336,NSC,0.099,0.08089499366462674,1.6881999999999997,0.7250510051023996,"(0, 1, 1)"
337,NTAP,0.045799999999999993,0.03306599461682651,0.9342,0.5148302244429711,"(0, 1, 0)"
338,NTRS,0.16840000000000002,0.2766489472237334,1.2586,0.6789369926583763,"(1, 1, 2)"
339,NUE,0.08,0.07201944181955314,26452804572409.965,52905609144813.25,"(1, 1, 0)"
340,NVDA,0.0496,0.03887724270058256,4.3432,4.267961499357744,"(1, 1, 0)"
341,NVR,0.18560000000000001,0.24563599084824686,1.1957999999999998,0.6267201608373549,"(3, 1, 1)"
342,NWS,0.024399999999999998,0.015564061166674975,1.004,0.38247457431834603,"(0, 1, 0)"
343,NWSA,0.022600000000000002,0.027961401967712563,1.8596,1.727202663267979,"(0, 1, 0)"
344,NXPI,0.1386,0.16966861819440862,1.3052,0.6067907052682993,"(0, 1, 0)"
345,O,0.0758,0.07706464818579269,3.0157999999999996,4.21278071586927,"(1, 0, 0)"
346,ODFL,0.11779999999999999,0.08606369734098111,3.1393999999999997,4.178768076837956,"(2, 1, 0)"
347,OGN,0.24450000000000002,0.21750000000000003,1.81,0.899,"(0, 1, 1)"
348,OKE,0.022600000000000002,0.021527656630483498,0.8418000000000001,0.5624323603776724,"(1, 0, 0)"
349,OMC,0.046,0.04966286338905561,13.658399999999997,26.26967500826761,"(1, 1, 0)"
350,ON,0.4596,0.42286905774719435,1.3362000000000003,0.46008842628346996,"(0, 1, 1)"
351,ORCL,0.14520000000000002,0.1647961164590962,1.4936,0.36217321822575455,"(1, 1, 1)"
352,ORLY,0.11779999999999999,0.06655644221260629,10.944600000000001,12.619248576678407,"(1, 1, 0)"
353,OTIS,0.148,0.026999999999999996,3.7735000000000003,2.7085000000000004,"(0, 1, 0)"
354,OXY,0.0672,0.06146999267935535,1.7012,1.0015361001980907,"(2, 1, 0)"
355,PANW,0.1348,0.13983332936034956,1.467,1.4045770893760159,"(4, 1, 1)"
356,PARA,0.023,0.026884940022250375,1.0208,0.9303198159772799,"(1, 1, 1)"
357,PAYC,0.05279999999999999,0.06270693741524935,0.8696000000000002,0.562722524873494,"(0, 1, 0)"
358,PAYX,0.06380000000000001,0.0971069513474705,1.0072,1.1515642231330392,"(1, 0, 1)"
359,PCAR,0.1266,0.13571234284323588,3.4297999999999993,3.002048993604202,"(1, 1, 0)"
360,PCG,0.5860000000000001,1.0128743258667385,2.6486000000000005,3.448386846048454,"(1, 1, 0)"
361,PEAK,0.014600000000000002,0.01044222198576529,0.8056000000000001,0.6518065970822942,"(2, 1, 1)"
362,PEG,0.1378,0.14326395220012605,1.645,0.7515173983348622,"(1, 1, 1)"
363,PEP,0.096,0.07335666295572613,1.2598,0.32609225688445903,"(1, 1, 1)"
364,PFE,0.07640000000000001,0.09179237441094985,1.2318,0.5946566740565516,"(4, 1, 3)"
365,PFG,0.0628,0.05117968346912669,3.4483999999999995,2.5883059788208964,"(1, 1, 0)"
366,PG,0.0776,0.1094451460778412,1.0614000000000001,0.5040827709811158,"(2, 1, 1)"
367,PGR,0.5292,0.7919480791062,1.3724,0.7606030765123161,"(4, 1, 0)"
368,PH,0.024999999999999998,0.03128577951721836,0.6078,0.7086396545494755,"(1, 1, 1)"
369,PHM,0.051000000000000004,0.0644608408260395,0.5048,0.5126661291718032,"(0, 1, 1)"
370,PKG,0.1078,0.08305034617628033,1.467,1.0736269370689244,"(1, 1, 0)"
371,PLD,0.1196,0.09184900652701694,6.3276,10.24386307210322,"(0, 1, 1)"
372,PM,0.049,0.038935844667863574,3.4951999999999996,4.521356584035371,"(1, 0, 0)"
373,PNC,0.11420000000000001,0.08966693928087431,3.9791999999999996,5.913234052529968,"(3, 1, 1)"
374,PNR,0.031000000000000007,0.0296108088373148,1.5493999999999999,1.104913679886352,"(1, 1, 1)"
375,PNW,0.15460000000000002,0.14217819804737997,1.0032,0.6268296100217347,"(2, 1, 0)"
376,PODD,0.0596,0.03232707843279377,62957957562262.39,125915915124522.62,"(0, 1, 1)"
377,POOL,0.046200000000000005,0.028435189466574688,0.974,0.939283982616546,"(0, 1, 1)"
378,PPG,0.0256,0.01709502851708648,0.859,0.741200647598206,"(1, 1, 1)"
379,PPL,0.335,0.5605215428509417,1.0390000000000001,0.5647257741594588,"(1, 0, 0)"
380,PRU,0.0438,0.01126765281680262,4.1922,6.182555698091202,"(0, 1, 1)"
381,PSA,0.1506,0.1839441219501183,91.04899999999998,180.27544718236035,"(2, 1, 1)"
382,PSX,0.13440000000000002,0.19529935995798858,2.055,2.0154531996551053,"(0, 1, 1)"
383,PTC,0.13640000000000002,0.19293480764237436,1.1776000000000002,1.181353901250595,"(1, 1, 0)"
384,PWR,0.049800000000000004,0.03644941700493987,5.643,6.805039044707972,"(5, 1, 1)"
385,PXD,0.077,0.032600613491159953,1.6138,0.8390650511134402,"(2, 1, 0)"
386,PYPL,0.0814,0.036103185455025985,1.3468,2.022231875923233,"(1, 0, 0)"
387,QCOM,0.14020000000000002,0.1622878923395088,1.4824000000000002,1.1583561801104183,"(1, 1, 0)"
388,QRVO,0.1052,0.09023391823477467,21.9284,42.641748555142534,"(1, 0, 0)"
389,RCL,0.27179999999999993,0.40790851915595,14.027600000000001,24.582226470358624,"(1, 1, 2)"
390,REG,0.0962,0.14928415857015773,4.835,4.826716482247533,"(2, 1, 0)"
391,REGN,0.23500000000000001,0.27976561618612106,3.1895999999999995,4.698138124832005,"(0, 1, 1)"
392,RF,0.0646,0.028089855820206698,1.2978,0.6879315082186598,"(1, 1, 2)"
393,RHI,0.13199999999999998,0.18261982367749677,5.570799999999999,4.786594380141271,"(0, 1, 1)"
394,RJF,0.12700000000000003,0.16457946408953944,2.4778,1.3119041733297443,"(0, 1, 0)"
395,RL,0.195,0.22757416373569295,11375582696251.918,22751165392500.508,"(1, 1, 0)"
396,RMD,0.135,0.19054028445449533,1.3044,1.1679821231508638,"(1, 1, 1)"
397,ROK,0.065,0.09260453552607453,70.73679999999999,139.33090764851852,"(1, 1, 0)"
398,ROL,0.083,0.0363318042491699,2.3002000000000002,0.4970192752801445,"(1, 1, 0)"
399,ROP,0.1572,0.10588559864306382,4.9732,4.156116331384386,"(3, 1, 1)"
400,ROST,0.1316,0.11991763840236348,1.1888,0.2699906665053442,"(1, 1, 1)"
401,RSG,0.2604,0.18715405419065867,3.1662000000000003,1.8043647524821582,"(1, 1, 0)"
402,RTX,0.11400000000000002,0.0950936380627011,2.8526,2.7500449887229115,"(0, 1, 1)"
403,RVTY,0.11040000000000001,0.10245506332046259,3.0484,4.6631613139585895,"(1, 1, 1)"
404,SBAC,0.1024,0.09070744181157356,4.994400000000001,5.794099087865171,"(0, 1, 0)"
405,SBUX,0.0502,0.07647849370901601,1.0686,1.0313819079274176,"(1, 1, 1)"
406,SCHW,0.0412,0.028230479981750222,0.6241999999999999,0.3821446846418251,"(0, 1, 1)"
407,SEDG,0.0622,0.08406283364246056,0.47680000000000006,0.45914416036796113,"(6, 1, 0)"
408,SEE,0.17740000000000003,0.31228999343558866,1.5668,1.3295718709419209,"(0, 1, 1)"
409,SHW,0.07320000000000002,0.03916835457355849,10.4828,9.265167400538427,"(1, 1, 0)"
410,SJM,0.126,0.12356536731625087,1.2266000000000001,0.5357356064328748,"(2, 1, 0)"
411,SLB,0.04240000000000001,0.029628364787817774,1.4802000000000002,0.6573167881622985,"(1, 1, 0)"
412,SNA,0.09659999999999999,0.06387362522982393,1.2308,0.5845885390597391,"(2, 1, 0)"
413,SNPS,0.1816,0.156646863996698,1.8084,1.462031819079188,"(0, 1, 1)"
414,SO,0.21059999999999998,0.3129745037539,0.8976,0.4630475569528469,"(3, 1, 0)"
415,SPG,0.061,0.033364651953826825,7.1494,10.161328153346885,"(3, 1, 1)"
416,SPGI,0.0744,0.06796351962634072,1.0715999999999999,0.49292011523166707,"(1, 1, 0)"
417,SRE,0.11240000000000001,0.08135994100292845,1.4053999999999998,1.3110903248823094,"(0, 1, 2)"
418,STE,0.13440000000000002,0.120930723970379,1.4758,0.5935070008011699,"(2, 1, 1)"
419,STLD,0.045,0.049505555243830976,5.8094,10.680165777739594,"(1, 1, 0)"
420,STT,0.071,0.04687429999477325,3.2598,3.6085329650704314,"(0, 1, 1)"
421,STX,0.0758,0.05766593448475452,2.049,1.3294965964604797,"(1, 1, 0)"
422,STZ,0.084,0.09513569256593447,1.703,1.0115479227401931,"(5, 1, 0)"
423,SWK,0.0752,0.08144789745598102,0.71,0.3382064458285797,"(2, 1, 1)"
424,SWKS,0.0952,0.1469903398186425,1.2684000000000002,0.5989205623452913,"(2, 1, 1)"
425,SYF,0.0742,0.0515495877772073,1.9766,1.7575180909452968,"(1, 1, 2)"
426,SYK,0.11880000000000002,0.14824763067246638,1.8941999999999997,1.046854029939227,"(0, 1, 1)"
427,SYY,0.23439999999999994,0.23032985043194032,0.9490000000000001,0.5713664323356772,"(0, 1, 1)"
428,T,0.22820000000000001,0.22665780374829367,2.0014,1.1469986224926343,"(3, 1, 1)"
429,TAP,0.1066,0.08235192772485658,1.5802,1.2387021272283343,"(2, 1, 0)"
430,TDG,0.22559999999999997,0.20115327489255552,1.6420000000000001,1.2457747790030107,"(1, 1, 0)"
431,TDY,0.071,0.09404467023707404,1.1516,0.9694302656715438,"(1, 1, 1)"
432,TECH,0.2408,0.2829030929488046,3.033,2.3591685823611677,"(0, 1, 1)"
433,TEL,0.13840000000000002,0.17388110880713867,1.4255999999999998,0.7778716089432754,"(0, 1, 1)"
434,TER,0.11880000000000002,0.18040776036523484,1.1034,0.5626340195899996,"(0, 1, 0)"
435,TFC,0.1764,0.2900252402809107,2132791371323.268,4265582742641.741,"(3, 1, 1)"
436,TFX,0.11280000000000001,0.08348987962621578,2.9926,2.1582562035124555,"(0, 1, 0)"
437,TGT,0.0858,0.048445433221305796,1.174,0.3950822699134954,"(0, 1, 1)"
438,TJX,0.12500000000000003,0.13414469799436726,2.0014,1.8329897544721845,"(0, 1, 1)"
439,TMO,0.1292,0.12065222749705037,2.3922000000000003,2.1070958592337465,"(1, 0, 0)"
440,TMUS,0.11840000000000002,0.06882615781808542,1.2136,0.4858405499749892,"(0, 1, 2)"
441,TPR,0.0846,0.04980200799164628,4.1228,5.389462882328813,"(1, 1, 0)"
442,TRGP,0.0328,0.007984985911070852,1.9678,1.7286951610969472,"(2, 1, 0)"
443,TRMB,0.1398,0.25913888168316235,0.9753999999999999,0.268230945269184,"(1, 1, 1)"
444,TROW,0.06,0.03116408188925193,0.9780000000000001,0.6105610534582108,"(1, 1, 0)"
445,TRV,0.13660000000000003,0.12795092809354686,2.1154,0.9589107570571934,"(1, 1, 0)"
446,TSCO,0.2088,0.2799252757433669,1.9647999999999999,1.4610930702730747,"(1, 0, 0)"
447,TSLA,0.0654,0.0749682599504617,0.9524000000000001,0.30999135471815986,"(1, 1, 1)"
448,TSN,0.024399999999999998,0.010326664514740468,0.866,0.6653221775951859,"(2, 1, 1)"
449,TT,0.0518,0.05862900306162472,6.2192,10.671279480924488,"(3, 1, 1)"
450,TTWO,0.1568,0.16186587039892011,3.625000000000001,1.9331823504263637,"(0, 1, 1)"
451,TXN,0.1346,0.10731374562468687,2.5222,2.6388333331228027,"(2, 0, 0)"
452,TXT,0.2902,0.5309690763123592,0.7576,0.4611535969717682,"(3, 1, 1)"
453,TYL,0.10200000000000001,0.0924683729715193,7.239800000000001,12.380497056257475,"(0, 1, 0)"
454,UAL,0.028200000000000003,0.0199939990997299,0.8306000000000001,0.388814917409299,"(1, 1, 1)"
455,UDR,0.1214,0.09718147971707367,2.2762000000000002,1.9973584956136439,"(2, 1, 0)"
456,UHS,0.058800000000000005,0.036793477682872,0.9564,0.5942627701614833,"(1, 1, 1)"
457,ULTA,0.3742,0.4193301324732102,2.059,1.1470715757963843,"(3, 1, 0)"
458,UNH,0.37239999999999995,0.33275793003323,1.626,1.1172849233745168,"(0, 1, 1)"
459,UNP,0.0982,0.056746453633685336,1.5828,1.3907538099893886,"(0, 1, 1)"
460,UPS,0.0342,0.022833309002420126,1.7218,2.314515534620582,"(1, 0, 0)"
461,URI,0.1678,0.2935836507709515,6.3578,9.827642553532357,"(1, 1, 0)"
462,USB,0.22399999999999998,0.29900702332888435,1.4497999999999998,1.2694226089053242,"(1, 1, 0)"
463,V,0.1378,0.08959776782933825,2.6342000000000003,1.3169539703421678,"(1, 1, 0)"
464,VFC,0.0628,0.06234548901083382,6.1272,9.977880664750407,"(0, 1, 1)"
465,VICI,0.14933333333333335,0.09716423667630435,2.2866666666666666,0.8511585568440753,"(1, 1, 0)"
466,VLO,0.09860000000000001,0.1449380557341653,6.0188,6.825981464961651,"(0, 1, 1)"
467,VMC,0.126,0.12816395749195636,1.3688,0.40615041548667663,"(0, 1, 0)"
468,VRSK,0.07,0.07147866814651767,1.2206,0.8162444731819015,"(1, 1, 1)"
469,VRSN,0.06520000000000001,0.054682355472309346,3.5510000000000006,3.0985827082716386,"(1, 1, 1)"
470,VRTX,0.1404,0.11403964223023501,2.5730000000000004,3.8577514176006726,"(3, 1, 0)"
471,VTR,0.0546,0.04919186924685826,2.8198,2.431909817406887,"(0, 1, 2)"
472,VTRS,0.077,0.05553737480291988,1.4422,0.7118267766809562,"(1, 1, 0)"
473,VZ,0.07200000000000001,0.07035055081518551,0.5134,0.3891691663017511,"(0, 1, 1)"
474,WAB,0.1096,0.12716068574838688,2.6946000000000003,2.0472768840584314,"(1, 1, 0)"
475,WAT,0.1096,0.09530288558065805,3.6478,3.5331948375372675,"(2, 0, 1)"
476,WBA,0.047,0.02872629457483161,7725566599755.748,15451133199503.371,"(2, 1, 1)"
477,WBD,0.055999999999999994,0.037915695958270365,0.8526,0.2299718243611596,"(1, 1, 1)"
478,WDC,0.08020000000000002,0.0959779141261155,1.6016,0.858931103174172,"(0, 1, 2)"
479,WEC,0.23500000000000001,0.2168529455645,1.0514,0.7909052029162533,"(2, 1, 0)"
480,WELL,0.047400000000000005,0.03830195817448502,2.7702,2.2800074912157635,"(2, 1, 1)"
481,WFC,0.1584,0.2278926062863822,1.6279999999999997,1.242338601187293,"(0, 1, 1)"
482,WHR,0.05519999999999999,0.04325459513161579,2.4676,2.2601087230485173,"(3, 1, 1)"
483,WM,0.12500000000000003,0.10177032966439678,1.1156000000000001,0.49650683781797006,"(1, 1, 0)"
484,WMB,0.05740000000000001,0.07431715818032873,2.173,1.1109230396386602,"(1, 1, 1)"
485,WMT,0.28819999999999996,0.40761521070735324,1.5492000000000001,1.2432646379592722,"(0, 1, 0)"
486,WRB,0.0558,0.05912833500108049,1.168,0.4961866584260403,"(2, 1, 0)"
487,WRK,0.04,0.041167948697985915,1.7504000000000002,1.4530168065098212,"(1, 1, 0)"
488,WST,0.1622,0.11590754936586313,3.0502000000000002,1.6010087320186608,"(0, 1, 2)"
489,WTW,0.1632,0.20024225328336676,1.8656,1.2656366935262267,"(1, 1, 0)"
490,WY,0.1502,0.22033737767342154,2.149,1.7367787423848782,"(0, 1, 0)"
491,WYNN,0.0512,0.05203614128660964,2.975,3.471347404106941,"(3, 1, 0)"
492,XEL,0.1778,0.19033171044258493,1.0368,0.5577907851515655,"(2, 1, 0)"
493,XOM,0.0698,0.03610761692496474,2.3624,1.1482624438689963,"(1, 1, 0)"
494,XRAY,0.0896,0.11897159324813633,1.017,0.6392048185049922,"(1, 1, 0)"
495,XYL,0.1262,0.09580480154981795,9.109,14.514801452310671,"(1, 1, 1)"
496,YUM,0.2668,0.3725841649882614,1.224,0.95688494606196,"(1, 1, 1)"
497,ZBH,0.1512,0.12836105328330707,1.3206,0.44429881836439766,"(0, 1, 0)"
498,ZBRA,0.092,0.07243479826713126,2.0742000000000003,1.2358914839094897,"(3, 1, 1)"
