Ticker,Average RMSE,Std. Dev. RMSE,Average MAPE,Std. Dev. MAPE,Best Model
A,5.767298302784831,6.388042078688586,0.0469803898916979,0.033729725631016,<keras.src.engine.sequential.Sequential object at 0x7ec924138700>
AAL,1.881555465819284,0.9680917121231624,0.0511518895007422,0.0238679085935591,<keras.src.engine.sequential.Sequential object at 0x7ec9f0135540>
AAPL,5.905118364928481,5.349204189798841,0.052131175033799,0.0226146346920284,<keras.src.engine.sequential.Sequential object at 0x7ec95837a7d0>
ABBV,3.2333565926604173,1.4056708187682123,0.0391407084484658,0.020617185305363,<keras.src.engine.sequential.Sequential object at 0x7ec91d3a5990>
ABNB,7.933112577969563,2.6848850420951345,0.0453858744605209,0.0181134935944838,<keras.src.engine.sequential.Sequential object at 0x7ec918441b10>
ABT,2.93533721923599,1.0739936938984596,0.0339810596560309,0.0101624990352641,<keras.src.engine.sequential.Sequential object at 0x7ec9dff733d0>
ACGL,1.4769093071287085,0.9196741764575485,0.0257400175033007,0.0041747520663445,<keras.src.engine.sequential.Sequential object at 0x7ec99e10bbe0>
ACN,8.793977143754656,5.705289815465965,0.0378962340737098,0.0151102603299603,<keras.src.engine.sequential.Sequential object at 0x7ec8e0e458a0>
ADBE,21.655796957294644,18.328255998580723,0.0454711941753032,0.0238934734241825,<keras.src.engine.sequential.Sequential object at 0x7ec958465d20>
ADI,4.518907801562429,2.412080922412088,0.0323040884997571,0.0124429457604079,<keras.src.engine.sequential.Sequential object at 0x7ec91d38d600>
ADM,2.266692688151367,1.48301161930001,0.0387215115502453,0.0220217201976531,<keras.src.engine.sequential.Sequential object at 0x7ec8e0ddd390>
ADP,5.058992474331427,2.524446164218826,0.0280562656842679,0.0077501180695504,<keras.src.engine.sequential.Sequential object at 0x7ec918486e60>
ADSK,9.077871059602431,4.141587819302929,0.0475506348565952,0.0187243132764679,<keras.src.engine.sequential.Sequential object at 0x7ec8b0699300>
AEE,2.299942407398349,0.8738343513660038,0.0314487301892351,0.006742366714674,<keras.src.engine.sequential.Sequential object at 0x7ec9ff482200>
AEP,2.0381387282760044,0.4729509465481981,0.0262803971748412,0.0046357144467709,<keras.src.engine.sequential.Sequential object at 0x7ec9dffd20b0>
AES,0.6856302454724832,0.3546688024167422,0.0355678555341539,0.0103652542437512,<keras.src.engine.sequential.Sequential object at 0x7ec99e1be8c0>
AFL,1.6470535971922478,0.5409848867276371,0.030227237850668,0.0081786568119361,<keras.src.engine.sequential.Sequential object at 0x7ec92424b160>
AIG,1.7702380868645384,0.6279263165275453,0.0286725470024993,0.0109218674295704,<keras.src.engine.sequential.Sequential object at 0x7ec9240cacb0>
AIZ,5.096536528217494,1.5930638245450977,0.0418632722018742,0.0149084344377183,<keras.src.engine.sequential.Sequential object at 0x7ec9b5bc4f10>
AJG,4.281303923983619,5.037249812891104,0.0294953693890664,0.0180363169154108,<keras.src.engine.sequential.Sequential object at 0x7ec91dbab490>
AKAM,3.930538576486659,1.200884509024606,0.0412471929736567,0.0116826951075472,<keras.src.engine.sequential.Sequential object at 0x7ec8e0d95f90>
ALB,8.424957895916673,4.93927033658619,0.0551186720054885,0.0101917543663084,<keras.src.engine.sequential.Sequential object at 0x7ec91e8f7d60>
ALGN,26.96011475561582,22.83703927212022,0.0683178167129727,0.0391799747916222,<keras.src.engine.sequential.Sequential object at 0x7ec9584bae00>
ALK,2.941542533262673,1.307276457469522,0.0392409629999128,0.0183047492075853,<keras.src.engine.sequential.Sequential object at 0x7ec9ff465990>
ALL,3.906115902391608,1.664333521604089,0.0364060553966215,0.0124089911590545,<keras.src.engine.sequential.Sequential object at 0x7ec95876ce20>
ALLE,3.975854674896505,1.946412260878681,0.0331911267149182,0.0100309132409371,<keras.src.engine.sequential.Sequential object at 0x7ec8947f4190>
AMAT,4.521602053564771,3.2366259563291084,0.0540149333371262,0.0155055814638348,<keras.src.engine.sequential.Sequential object at 0x7ec918441d50>
AMCR,0.3783739737061733,0.1260816337388628,0.0346932152161191,0.0125560889014553,<keras.src.engine.sequential.Sequential object at 0x7ec885766f20>
AMD,3.869086526437866,3.978493643325861,0.0839991239225207,0.0519868795986073,<keras.src.engine.sequential.Sequential object at 0x7ec91d6d8520>
AME,3.4741386419127034,2.3161118594872425,0.0311764991082589,0.012497407764859,<keras.src.engine.sequential.Sequential object at 0x7ec92453dcf0>
AMGN,6.440057443693471,2.039364444092272,0.0290822994543638,0.0100979391238337,<keras.src.engine.sequential.Sequential object at 0x7ec89c4e9990>
AMP,9.14334782187946,6.5869453321286,0.0381296633572988,0.0121369339816394,<keras.src.engine.sequential.Sequential object at 0x7ec91d5552d0>
AMT,7.7966337075051,5.963220876179322,0.0336015239476107,0.0191989348906295,<keras.src.engine.sequential.Sequential object at 0x7ec8858b9b70>
AMZN,4.938143795074791,3.9468877442807937,0.0400708985822452,0.0134805687099736,<keras.src.engine.sequential.Sequential object at 0x7ec885c96470>
ANET,5.618901404954433,4.942219003218774,0.0566550896540124,0.0130760118657763,<keras.src.engine.sequential.Sequential object at 0x7ec89422c520>
ANSS,10.032706264011022,6.267658691763673,0.0361148033466084,0.0138887408731397,<keras.src.engine.sequential.Sequential object at 0x7ec88c4cb490>
AON,8.715747406307965,5.882386936937475,0.0335853214468452,0.0136248813689053,<keras.src.engine.sequential.Sequential object at 0x7ec918330b50>
AOS,1.810061016784226,0.4328814846638513,0.0303047727958555,0.0117662344942303,<keras.src.engine.sequential.Sequential object at 0x7ec87cfd9b40>
APA,2.7241280022211183,0.7980500143509248,0.079901690347372,0.0402211009945171,<keras.src.engine.sequential.Sequential object at 0x7ec88c4c9cf0>
APD,5.636607199826367,2.881096412135184,0.0246255049802825,0.0125234804108771,<keras.src.engine.sequential.Sequential object at 0x7ec885fe1900>
APH,1.7367391347162229,0.9761550608370242,0.0274463898297913,0.0077224735749689,<keras.src.engine.sequential.Sequential object at 0x7ec91d8457b0>
APTV,5.567297089882232,1.6072944917493348,0.0548217891592723,0.0242626427300646,<keras.src.engine.sequential.Sequential object at 0x7ec88c718550>
ARE,3.522368372338555,1.326438872495694,0.0244308133033947,0.0047676624152665,<keras.src.engine.sequential.Sequential object at 0x7ec8b034f910>
ATO,2.514102455438988,0.8180716428895898,0.025621479848838,0.0074515035309636,<keras.src.engine.sequential.Sequential object at 0x7ec958788f40>
ATVI,3.3409351263038056,2.4736955630969573,0.0476003638924131,0.0279336983281467,<keras.src.engine.sequential.Sequential object at 0x7ec8e02a0e20>
AVB,6.2213699980721096,4.198874314064499,0.0307998331352069,0.0177976596495745,<keras.src.engine.sequential.Sequential object at 0x7ec91efcdde0>
AVGO,21.3028310872968,20.44919102430542,0.0484955252768366,0.0142348787113936,<keras.src.engine.sequential.Sequential object at 0x7ec8e01aefb0>
AVY,4.382834071636512,1.1029681003465002,0.0339474148158851,0.0097630363714415,<keras.src.engine.sequential.Sequential object at 0x7ec9193ba590>
AWK,4.058186546212957,2.3303482108438067,0.0315195330100212,0.0095092146633016,<keras.src.engine.sequential.Sequential object at 0x7ec8851faa10>
AXON,7.045553979965755,5.465475862113009,0.0615964184578574,0.0199798376332422,<keras.src.engine.sequential.Sequential object at 0x7ec885319120>
AXP,3.44626544319785,0.8342512322314906,0.0259938774834582,0.0056071820268039,<keras.src.engine.sequential.Sequential object at 0x7ec8e12b1a50>
AZO,62.52423648220846,25.167983674771385,0.0626869067597734,0.0616080563210777,<keras.src.engine.sequential.Sequential object at 0x7ec88d481420>
BA,13.290892814272365,5.449060245345082,0.0467062508115242,0.0199855223128592,<keras.src.engine.sequential.Sequential object at 0x7ec885336230>
BAC,1.072365140085333,0.3629544925382459,0.0325233029931908,0.0047215417003014,<keras.src.engine.sequential.Sequential object at 0x7ec8858b8670>
BALL,2.687668069307028,1.553271312817489,0.0391318638995214,0.0152210507512699,<keras.src.engine.sequential.Sequential object at 0x7ec858a97850>
BAX,2.18302810140874,0.4806357678438376,0.0331375538958802,0.0102163248321823,<keras.src.engine.sequential.Sequential object at 0x7ec8625b6200>
BBWI,2.909853106760252,1.5297315887116891,0.0717564859039167,0.0374728608269731,<keras.src.engine.sequential.Sequential object at 0x7ec88c6a0670>
BBY,2.699770482437301,1.0944693613246907,0.0368322414442401,0.0078333223976062,<keras.src.engine.sequential.Sequential object at 0x7ec89413f8b0>
BDX,6.564967093416982,3.344697727786077,0.0265257878204069,0.0093199602930643,<keras.src.engine.sequential.Sequential object at 0x7ec860ebef50>
BEN,1.7968113315115246,0.5702314129863383,0.0549106303418716,0.0184746256561278,<keras.src.engine.sequential.Sequential object at 0x7ec89c4e8f70>
BG,3.004272769196873,1.3096357666007754,0.0338483178345952,0.0085118165330679,<keras.src.engine.sequential.Sequential object at 0x7ec860cfc100>
BIIB,17.862177822747693,15.130155609468824,0.0469118904654773,0.034323520188547,<keras.src.engine.sequential.Sequential object at 0x7ec91dc1c9d0>
BIO,19.974652267961183,19.77637496495401,0.0384650343157712,0.0209813423727609,<keras.src.engine.sequential.Sequential object at 0x7ec800da0fd0>
BK,1.7929533485621725,0.6184723489103455,0.0370959075036135,0.0162791057183904,<keras.src.engine.sequential.Sequential object at 0x7ec861a63370>
BKNG,94.2398994464946,73.68776224331299,0.0359340805502766,0.0193077208220654,<keras.src.engine.sequential.Sequential object at 0x7ec8845e97e0>
BKR,1.4453622908860122,0.6195426226515534,0.0418652769629947,0.0154430486523947,<keras.src.engine.sequential.Sequential object at 0x7ec89413db10>
BLK,20.27049348063989,9.831935233453263,0.0325861294973857,0.0124838441954159,<keras.src.engine.sequential.Sequential object at 0x7ec8591b4370>
BMY,2.017051646722183,1.0706041395277377,0.0329296155502842,0.0161499825944805,<keras.src.engine.sequential.Sequential object at 0x7ec860200040>
BR,4.059586108527521,1.9407661682255564,0.0307343905143985,0.003211679324422,<keras.src.engine.sequential.Sequential object at 0x7ec860de5360>
BRO,1.441913320747355,0.931180551643186,0.0306172936633056,0.0140352633105974,<keras.src.engine.sequential.Sequential object at 0x7ec8613ddea0>
BSX,1.841366519732524,0.8134692979499004,0.0472376959986825,0.0186438968050169,<keras.src.engine.sequential.Sequential object at 0x7ec885c8bd00>
BWA,2.7166543435702675,0.8269015953946737,0.0645778208430029,0.0208239088150707,<keras.src.engine.sequential.Sequential object at 0x7ec8e1eff280>
BX,3.519245443369217,3.3043694835082085,0.0406472473779396,0.0196010450471849,<keras.src.engine.sequential.Sequential object at 0x7ec918ef2350>
BXP,3.83343632699436,1.4145194264870469,0.0365233322851785,0.0142994892557227,<keras.src.engine.sequential.Sequential object at 0x7ec91dc1dd80>
C,2.5577892336677466,1.1795101024178838,0.0374331356903368,0.0133542213294792,<keras.src.engine.sequential.Sequential object at 0x7ec7fb505c00>
CAG,1.2954874742431552,0.2374281205046972,0.0369622107365425,0.008022139682485,<keras.src.engine.sequential.Sequential object at 0x7ec80176d420>
CAH,3.814259665436731,2.251784911789575,0.0483709602745026,0.0175044987258625,<keras.src.engine.sequential.Sequential object at 0x7ec88da59210>
CARR,3.977238253619024,1.116320736653598,0.0661247019924539,0.0194480608527569,<keras.src.engine.sequential.Sequential object at 0x7ec8583a4f40>
CAT,9.738110053329768,6.783800988287799,0.0536815376881256,0.0133629864405217,<keras.src.engine.sequential.Sequential object at 0x7ec9245018a0>
CB,4.488001326453336,1.0184628785405714,0.0260031773650115,0.0047261667903605,<keras.src.engine.sequential.Sequential object at 0x7ec7f835c2b0>
CBOE,3.6075365487333313,1.904887949065466,0.0274365185525001,0.0100296182684931,<keras.src.engine.sequential.Sequential object at 0x7ec8002275b0>
CBRE,2.7478586685395467,1.16027297894307,0.0384858792153105,0.0053076248319027,<keras.src.engine.sequential.Sequential object at 0x7ec80315c3a0>
CCI,4.243679144256759,2.8323249976980933,0.0322750261647504,0.0196838212430579,<keras.src.engine.sequential.Sequential object at 0x7ec800b02440>
CCL,2.661949619006875,1.813126429036291,0.0730708868056384,0.0479404190310471,<keras.src.engine.sequential.Sequential object at 0x7ec801926530>
CDAY,3.14571043602055,0.97559078997293,0.0344672584850892,0.0076434729794665,<keras.src.engine.sequential.Sequential object at 0x7ec7fbae0c40>
CDNS,5.0488781182295615,4.431231839145975,0.0380217410476299,0.0116466522463651,<keras.src.engine.sequential.Sequential object at 0x7ec85856c1c0>
CDW,4.621258141192658,2.9926087034840747,0.0362532251137123,0.011937176697377,<keras.src.engine.sequential.Sequential object at 0x7ec801d037f0>
CE,3.8578956477596136,1.5448226458625658,0.0316828606408157,0.0103252298490163,<keras.src.engine.sequential.Sequential object at 0x7ec803319ed0>
CEG,8.541634572962831,0.0,0.0776950317328721,0.0,<keras.src.engine.sequential.Sequential object at 0x7ec858c930a0>
CF,2.571757333627658,0.9571576711427476,0.0450280351818229,0.008083816381992,<keras.src.engine.sequential.Sequential object at 0x7ec7f8cd9810>
CFG,2.185869621279996,1.3948438476118814,0.06285335422312,0.0322470393459134,<keras.src.engine.sequential.Sequential object at 0x7ec801a4bb80>
CHD,1.5554663855706257,0.2416819574653063,0.0198657844900458,0.0039748926482968,<keras.src.engine.sequential.Sequential object at 0x7ec7f9b23dc0>
CHRW,1.7639607322369009,0.4636264706614683,0.0198040988605627,0.0059406332263034,<keras.src.engine.sequential.Sequential object at 0x7ec7ea143820>
CHTR,23.856361884894884,16.087535067647313,0.044231680327685,0.0124296503704031,<keras.src.engine.sequential.Sequential object at 0x7ec7fbebd510>
CI,7.789766082788164,2.561011948746468,0.0326400694290632,0.0106151859658703,<keras.src.engine.sequential.Sequential object at 0x7ec7e87c9150>
CINF,2.906671481390549,1.764158811038623,0.0272415123498434,0.0119245204483224,<keras.src.engine.sequential.Sequential object at 0x7ec801a336d0>
CL,1.4024044383760832,0.4246215320189813,0.0161741097698863,0.0050071716227784,<keras.src.engine.sequential.Sequential object at 0x7ec8010b6140>
CLX,4.792234292838844,1.4211844633269015,0.0275076851777932,0.0036804505439527,<keras.src.engine.sequential.Sequential object at 0x7ec7fa7773a0>
CMA,2.92931434224067,0.9510697596734452,0.0464720324077575,0.0140038699483331,<keras.src.engine.sequential.Sequential object at 0x7ec7e9c20a00>
CMCSA,1.6577456104982768,0.5730664780051998,0.0380346966973166,0.012861099728661,<keras.src.engine.sequential.Sequential object at 0x7ec7e2ced930>
CME,4.956411690997967,1.4773615066699588,0.0300063679917,0.0070304907405989,<keras.src.engine.sequential.Sequential object at 0x7923fc2249a0>
CMG,53.57899282920731,22.67786363157064,0.0502682987466527,0.0291493194728627,<keras.src.engine.sequential.Sequential object at 0x7923901d30a0>
CMI,6.975475944439895,1.7592692136274912,0.0351551602073992,0.0020391236588678,<keras.src.engine.sequential.Sequential object at 0x792410547d90>
CMS,1.436650952250231,0.5207960277132577,0.0257901688547989,0.0055810992172592,<keras.src.engine.sequential.Sequential object at 0x7923c29caf20>
CNC,3.295965073220762,0.991595978256442,0.0533591637331592,0.010194534765113,<keras.src.engine.sequential.Sequential object at 0x7923984cd8a0>
CNP,0.6720261708748875,0.1626575299568493,0.0242633663446894,0.0037827257425102,<keras.src.engine.sequential.Sequential object at 0x7923fc166950>
COF,4.068932803854981,1.7584896453904073,0.0336192751127132,0.00824989881685,<keras.src.engine.sequential.Sequential object at 0x792398397bb0>
COO,11.855641273534598,4.390064948869966,0.0326272959973301,0.0136855023162035,<keras.src.engine.sequential.Sequential object at 0x7923981005b0>
COP,3.523878319751978,2.248250164594258,0.0588825732429705,0.0502037658716499,<keras.src.engine.sequential.Sequential object at 0x7924100f1090>
COR,4.3541231554534825,1.4924767200794773,0.0328812653726339,0.0136100561569178,<keras.src.engine.sequential.Sequential object at 0x792342108cd0>
COST,17.829393799386036,13.988272624338212,0.0506788107089591,0.0336581339136023,<keras.src.engine.sequential.Sequential object at 0x79239835fc40>
CPB,1.7213282060999322,0.6339474581632023,0.0356172347813619,0.0152063358696125,<keras.src.engine.sequential.Sequential object at 0x7923d39bbb50>
CPRT,0.920865000993826,0.877812560364073,0.0286995624740217,0.0183711083193138,<keras.src.engine.sequential.Sequential object at 0x7923fc05d0f0>
CPT,3.652015150321209,2.211741491145629,0.0340515825869472,0.0124226723768302,<keras.src.engine.sequential.Sequential object at 0x79239076eda0>
CRL,4.848651634043266,1.4973902011403029,0.0266321965552394,0.0084291508096681,<keras.src.engine.sequential.Sequential object at 0x7923fc39a5f0>
CRM,6.326598074938081,3.708798493659915,0.0304075417730295,0.0080846159805891,<keras.src.engine.sequential.Sequential object at 0x7924100491e0>
CSCO,1.4265629073450743,0.8708127437149773,0.0290134208523256,0.0132731806419575,<keras.src.engine.sequential.Sequential object at 0x7924103ecbb0>
CSGP,2.2714957061300023,1.0878971909116255,0.0379807711754046,0.0155239698179858,<keras.src.engine.sequential.Sequential object at 0x7923fc05e620>
CSX,0.8392986617632963,0.2209376907407775,0.0369795297715748,0.0112505713281104,<keras.src.engine.sequential.Sequential object at 0x79233218f6d0>
CTAS,8.327805997576169,4.513984255017772,0.031294751833991,0.0164813480213768,<keras.src.engine.sequential.Sequential object at 0x792346eefd60>
CTLT,3.558191887143226,1.8546781961855288,0.0586772981549379,0.0297193000045023,<keras.src.engine.sequential.Sequential object at 0x7923785858d0>
CTRA,1.3038513187005103,0.6889570705302194,0.0627543326451431,0.0427571465240136,<keras.src.engine.sequential.Sequential object at 0x7923fc445090>
CTSH,2.67483688527988,0.8478597271196674,0.0346415115447782,0.0124621589470456,<keras.src.engine.sequential.Sequential object at 0x7922dc5c96c0>
CTVA,3.1970272132947337,1.097089501864322,0.0827226597512801,0.0540225675139954,<keras.src.engine.sequential.Sequential object at 0x7923904fc850>
CVS,3.5299971013376434,1.5080452022736277,0.0420932268210898,0.0166262183653386,<keras.src.engine.sequential.Sequential object at 0x79236421cb20>
CVX,4.522867849942645,1.9297992464618925,0.0495731868487865,0.0386350077469733,<keras.src.engine.sequential.Sequential object at 0x7924102f1fc0>
CZR,3.384095191463038,2.51705554967421,0.0609745549695049,0.0165219468011299,<keras.src.engine.sequential.Sequential object at 0x7922dc579390>
D,1.5658764373766163,0.3695338636611631,0.0223887383924778,0.0047213266831225,<keras.src.engine.sequential.Sequential object at 0x7924101a0910>
DAL,2.0815698835405674,0.5290520251593478,0.0372404015553422,0.005024984468177,<keras.src.engine.sequential.Sequential object at 0x7924162bb910>
DD,2.904952850300204,0.6604696186599471,0.0348815614111522,0.0114283236416378,<keras.src.engine.sequential.Sequential object at 0x792398100eb0>
DE,9.56902723500533,4.908367989826867,0.0374936231019216,0.0063766055832345,<keras.src.engine.sequential.Sequential object at 0x7922dc241f90>
DFS,3.884255706496341,2.3419772541985027,0.0364290671011876,0.0131940151569801,<keras.src.engine.sequential.Sequential object at 0x7923330bba60>
DG,7.70195998100011,5.627560798642544,0.0515961699538012,0.0302273758344394,<keras.src.engine.sequential.Sequential object at 0x79232de18730>
DGX,3.081277490369388,1.9027218431214323,0.0234121824820859,0.0111198580358316,<keras.src.engine.sequential.Sequential object at 0x79233217bbe0>
DHI,2.946911674909739,1.760930131358753,0.0405543397060318,0.0092031150990526,<keras.src.engine.sequential.Sequential object at 0x79241fe8c160>
DHR,12.786540165278472,18.138592533499438,0.050669769112858,0.0549212778588344,<keras.src.engine.sequential.Sequential object at 0x7922b07ec730>
DIS,4.042568609459105,1.4655350020999314,0.0290239244574248,0.0151894469706555,<keras.src.engine.sequential.Sequential object at 0x7922bc6a4a00>
DLR,3.420896367844321,1.075616929732323,0.0285244709850575,0.0062304555583132,<keras.src.engine.sequential.Sequential object at 0x79232c4f7fa0>
DLTR,4.016793964535669,1.8501237097074572,0.0337433874090282,0.0142843775512322,<keras.src.engine.sequential.Sequential object at 0x79237845fac0>
DOV,3.6548070562710193,1.6379643553312502,0.0374607271705527,0.0239997268656099,<keras.src.engine.sequential.Sequential object at 0x79229c78c820>
DOW,2.87286851364647,1.431244449949303,0.0656641615820227,0.0521693501724711,<keras.src.engine.sequential.Sequential object at 0x7922bc6a42e0>
DPZ,20.898821022928725,19.598629021261186,0.0512896895331594,0.0320015848462394,<keras.src.engine.sequential.Sequential object at 0x79237845e020>
DRI,4.052182433739529,1.3810897890653886,0.0368489177637776,0.0207035538439,<keras.src.engine.sequential.Sequential object at 0x792295b2fc10>
DTE,2.242777145879667,0.7032308710209704,0.0225811376800371,0.0054714243833778,<keras.src.engine.sequential.Sequential object at 0x792332178730>
DUK,1.888445924885888,0.1677301386287677,0.0215691087471334,0.0024488842987316,<keras.src.engine.sequential.Sequential object at 0x7922957f0160>
DVA,3.6127677795584936,1.0341694651000328,0.0353872488963908,0.002191711594777,<keras.src.engine.sequential.Sequential object at 0x792294529cc0>
DVN,2.2448491534840453,1.6972030887230245,0.0652137328210824,0.0399241964825787,<keras.src.engine.sequential.Sequential object at 0x7922a95988e0>
DXC,4.191230487972472,3.1680027095456147,0.0843123194204799,0.0529248036299161,<keras.src.engine.sequential.Sequential object at 0x7922a8ec26b0>
DXCM,5.457578053404008,5.086015737475265,0.0672216898670307,0.0349546239103739,<keras.src.engine.sequential.Sequential object at 0x7922dc5f01f0>
EA,4.7147147139592205,1.394826366773651,0.0424609320093352,0.0273901619626904,<keras.src.engine.sequential.Sequential object at 0x7922bc761a80>
EBAY,1.87570510709863,1.0323900488183828,0.0356208564890403,0.0075711971081023,<keras.src.engine.sequential.Sequential object at 0x7922b04a0880>
ECL,4.72445039193684,1.954554778041168,0.025251502814802,0.0089276906606986,<keras.src.engine.sequential.Sequential object at 0x792268fa3dc0>
ED,1.777538607213295,0.5160963324047099,0.0213377329209429,0.0044124602492688,<keras.src.engine.sequential.Sequential object at 0x7922956965c0>
EFX,8.113474467419632,4.929171100346663,0.0403396948968338,0.0156715628867863,<keras.src.engine.sequential.Sequential object at 0x7922a85d30d0>
EG,7.244901675815305,3.3797794584491854,0.0244003681502863,0.0062246268702263,<keras.src.engine.sequential.Sequential object at 0x7922942155d0>
EIX,1.8317910983232988,0.7913479961703598,0.0286012711509904,0.0130117267425555,<keras.src.engine.sequential.Sequential object at 0x792339d5a410>
EL,12.0620645985437,9.459469590782964,0.0583791160683869,0.0474383787548198,<keras.src.engine.sequential.Sequential object at 0x792295f54760>
ELV,10.538559572925056,4.374057244502012,0.0325559223177608,0.011784619928574,<keras.src.engine.sequential.Sequential object at 0x7922957ab8b0>
EMN,3.582464134123793,1.6096465539717513,0.0401804072148094,0.0190087355434739,<keras.src.engine.sequential.Sequential object at 0x792275ff9f60>
EMR,2.5237877141857776,1.3377880478904105,0.039634132769425,0.0340648442316464,<keras.src.engine.sequential.Sequential object at 0x792274e161a0>
ENPH,6.73273168092179,6.588487261632132,0.1084005752971716,0.0734648498720613,<keras.src.engine.sequential.Sequential object at 0x7922959e9480>
EOG,3.7941765350248673,0.7960006896788198,0.0437730314705103,0.013491701177192,<keras.src.engine.sequential.Sequential object at 0x7922bc170430>
EPAM,7.751257696213893,4.773143761592739,0.0316826580751851,0.0159752252368945,<keras.src.engine.sequential.Sequential object at 0x7922685aab30>
EQIX,20.736275024059136,12.95520297884926,0.0313644632311637,0.0107726806557483,<keras.src.engine.sequential.Sequential object at 0x7922949a7790>
EQR,1.93623751194277,1.1155139568460064,0.0263051151195568,0.0119392533690102,<keras.src.engine.sequential.Sequential object at 0x79229529f280>
EQT,1.646493513497776,0.4942828672677131,0.0670642685126788,0.0529261219364203,<keras.src.engine.sequential.Sequential object at 0x7922507be4a0>
ES,2.745987710671492,2.2942996447235955,0.038297236674741,0.0295959025902231,<keras.src.engine.sequential.Sequential object at 0x792274ac2350>
ESS,9.53282890673265,5.264596999678234,0.0326254172979099,0.014826358396351,<keras.src.engine.sequential.Sequential object at 0x79229c567280>
ETN,5.051369258732594,3.8125783049514688,0.0368069818456947,0.0150473383606282,<keras.src.engine.sequential.Sequential object at 0x79229dca9b70>
ETR,2.486073729977781,1.2219045148148393,0.0255577846304887,0.0086176971478794,<keras.src.engine.sequential.Sequential object at 0x792294924940>
ETSY,6.587943290976827,3.981939391895164,0.1270121001540077,0.1057986424097335,<keras.src.engine.sequential.Sequential object at 0x7923393087c0>
EVRG,1.7086250590659326,0.5086317259565922,0.0311563906995273,0.0079100995601499,<keras.src.engine.sequential.Sequential object at 0x792275bc01c0>
EW,4.579199192071577,2.1687926269336275,0.0629271211571416,0.0136312110801428,<keras.src.engine.sequential.Sequential object at 0x7923381cfa90>
EXC,1.0107707300061837,0.2470806936228604,0.032344298891355,0.0104436068287931,<keras.src.engine.sequential.Sequential object at 0x792339422860>
EXPD,2.2697518374604693,0.7010401383966272,0.0251784863191445,0.004425995647605,<keras.src.engine.sequential.Sequential object at 0x7922147b7670>
EXPE,8.037320855052378,3.5299072305518693,0.0526987989651395,0.0233055681238227,<keras.src.engine.sequential.Sequential object at 0x79224a95d000>
EXR,4.0004030713268985,1.8316022604107,0.0345560294481045,0.0131565859829062,<keras.src.engine.sequential.Sequential object at 0x79224a55f940>
F,0.5252966835169817,0.2974281814561388,0.0414994833939981,0.021966553278407,<keras.src.engine.sequential.Sequential object at 0x7922496cfdc0>
FANG,5.465849164212161,2.0227385908965614,0.0569659607002582,0.0242246682040832,<keras.src.engine.sequential.Sequential object at 0x792274af5c00>
FAST,0.7816078089587128,0.2971925106872372,0.020325990944749,0.003254132335087,<keras.src.engine.sequential.Sequential object at 0x79229da4fbe0>
FCX,2.7006742898646765,2.070723305513927,0.1380460503798687,0.131442516258935,<keras.src.engine.sequential.Sequential object at 0x792250c88070>
FDS,11.678659891431504,6.56061711619626,0.0348564056450242,0.0145617863769091,<keras.src.engine.sequential.Sequential object at 0x79224afb4dc0>
FDX,10.246837890920114,3.331977218103967,0.0442961548396268,0.0142343647880215,<keras.src.engine.sequential.Sequential object at 0x792251343a60>
FE,0.8369062591578306,0.1171890846977766,0.0227643667191758,0.0046221058298095,<keras.src.engine.sequential.Sequential object at 0x792269131090>
FFIV,6.244027102603011,1.2519693837719137,0.0376185768012644,0.0090043848096196,<keras.src.engine.sequential.Sequential object at 0x792216d2ead0>
FI,4.215439033127319,2.212250444292992,0.0429232016675506,0.0187632316417821,<keras.src.engine.sequential.Sequential object at 0x792217c027d0>
FICO,16.85622026129368,10.684274253379474,0.0392175071216049,0.0128204659352229,<keras.src.engine.sequential.Sequential object at 0x79229c90d810>
FIS,3.488465919117125,1.0419633517075535,0.0350396265229216,0.0099563589796561,<keras.src.engine.sequential.Sequential object at 0x79233946a410>
FITB,1.1451525033738443,0.6373452381646123,0.0353409922103547,0.0121931092635912,<keras.src.engine.sequential.Sequential object at 0x79224b49c4c0>
FLT,9.374702109437406,4.073248497869471,0.0337540589761835,0.0109277005005982,<keras.src.engine.sequential.Sequential object at 0x792337cb71c0>
FMC,4.418837374378374,1.3530757717330777,0.0593910053813826,0.0238092838680147,<keras.src.engine.sequential.Sequential object at 0x79224946ad40>
FOX,1.5284927140653668,1.222995958465712,0.045682829604084,0.0415735986864126,<keras.src.engine.sequential.Sequential object at 0x792216d33a30>
FOXA,1.5682436142446166,1.162277762341393,0.0460758099267646,0.0394780152407996,<keras.src.engine.sequential.Sequential object at 0x792248395180>
FRT,2.759227824774515,0.4962290889452523,0.0222198352451084,0.004783697984713,<keras.src.engine.sequential.Sequential object at 0x79224a95cc40>
FSLR,6.101808254631732,2.864672588862018,0.0664402514031447,0.0250713038390468,<keras.src.engine.sequential.Sequential object at 0x79221579d690>
FTNT,2.047796721012646,2.2348960579266013,0.0476905820878263,0.0214079548389058,<keras.src.engine.sequential.Sequential object at 0x7922489ee890>
FTV,2.8974140903141983,1.0758159565607956,0.0364097482352224,0.0108419627079895,<keras.src.engine.sequential.Sequential object at 0x7922486a6470>
GD,3.9028948363605087,1.0719607195425511,0.0208293480456788,0.0096027567156562,<keras.src.engine.sequential.Sequential object at 0x7922160a43d0>
GE,5.410695945423027,3.0790187062392342,0.0448417415085875,0.0201427572340119,<keras.src.engine.sequential.Sequential object at 0x79224ab66d40>
GEHC,8.539387684569533,0.0,0.1183225412068188,0.0,<keras.src.engine.sequential.Sequential object at 0x792215c47fa0>
GEN,0.7617919577129401,0.2790472727020861,0.0416914904183682,0.0153480873983405,<keras.src.engine.sequential.Sequential object at 0x792215a244f0>
GILD,2.518095789668396,1.154815011887853,0.0306681601456315,0.0122489414809109,<keras.src.engine.sequential.Sequential object at 0x792214b75510>
GIS,1.6508939177526578,0.9782536483590946,0.025854368603699,0.0109493754735085,<keras.src.engine.sequential.Sequential object at 0x7922176afd60>
GL,2.7809758941927343,0.9040296942512684,0.0290118211681641,0.0121782468670849,<keras.src.engine.sequential.Sequential object at 0x792216bf6620>
GLW,1.229626880059774,0.1013170333085013,0.0397560502456865,0.0148965011876673,<keras.src.engine.sequential.Sequential object at 0x79221510f280>
GM,1.6178001286621062,0.9060370847799716,0.0345954874093405,0.0133923131900239,<keras.src.engine.sequential.Sequential object at 0x7922a9dcfb20>
GNRC,11.903805489259266,10.837930051985744,0.074122746348929,0.0323379802722499,<keras.src.engine.sequential.Sequential object at 0x7922063e9420>
GOOG,4.178864650504638,2.696115592015154,0.0446236925975468,0.0127547672366221,<keras.src.engine.sequential.Sequential object at 0x7922064afbe0>
GOOGL,3.174227519736875,1.1940723652683398,0.0374443089350654,0.0132564067863959,<keras.src.engine.sequential.Sequential object at 0x79227a3a1750>
GPC,3.49346804592315,1.2070342519799142,0.0281298828949116,0.0031156524717317,<keras.src.engine.sequential.Sequential object at 0x792338907ca0>
GPN,4.687158154402054,1.5043143219367066,0.0332085331021396,0.0087544709660877,<keras.src.engine.sequential.Sequential object at 0x792249469ba0>
GRMN,2.716149996990634,2.103656794984233,0.0298517723308752,0.0157719516554883,<keras.src.engine.sequential.Sequential object at 0x7923383d6b00>
GS,10.0629407513814,3.225615936913307,0.032772454286432,0.0046663360739709,<keras.src.engine.sequential.Sequential object at 0x7922046ef940>
GWW,15.062417795082697,7.977244619678526,0.0424921548267791,0.0153270496693421,<keras.src.engine.sequential.Sequential object at 0x7922064e8dc0>
HAL,2.196490388030605,0.8249243006785362,0.0666781350525332,0.0365917249335134,<keras.src.engine.sequential.Sequential object at 0x7922048ab790>
HAS,4.245942954106718,1.2010212699844511,0.0462915435609198,0.018751604021101,<keras.src.engine.sequential.Sequential object at 0x792339248be0>
HBAN,0.4416196243559328,0.1670977221574227,0.031906609911878,0.009815179531515,<keras.src.engine.sequential.Sequential object at 0x7921fe770490>
HCA,9.607023376483712,6.582495609407985,0.0522773896580867,0.0214846630756914,<keras.src.engine.sequential.Sequential object at 0x7921fd7cd8a0>
HD,7.444659534200584,3.938947625780841,0.0327135194386642,0.0128166950063204,<keras.src.engine.sequential.Sequential object at 0x79224b5ef040>
HES,4.415421117864068,2.186609011926124,0.0531349528895783,0.0260216344827396,<keras.src.engine.sequential.Sequential object at 0x7921ff609180>
HIG,1.9026327183638407,0.4626371544573676,0.0334896259801749,0.0140971909706301,<keras.src.engine.sequential.Sequential object at 0x7921f75e8e20>
HII,7.161248713594728,2.2851584257694304,0.0312542977146556,0.0052243225735582,<keras.src.engine.sequential.Sequential object at 0x792214b131f0>
HLT,3.262382725482283,0.9616955944933596,0.0307903132126124,0.0135351198387096,<keras.src.engine.sequential.Sequential object at 0x7921f5c906d0>
HOLX,2.003215420478047,0.3054543042315483,0.0297735632491657,0.0064264221753526,<keras.src.engine.sequential.Sequential object at 0x7921ff0c6290>
HON,3.982770033216228,1.884566709347179,0.0206371921317266,0.0066086741062986,<keras.src.engine.sequential.Sequential object at 0x7921f5335f60>
HPE,0.6091980674075864,0.2294515035908413,0.0373572408488275,0.0107089769029271,<keras.src.engine.sequential.Sequential object at 0x79224bfaa170>
HPQ,1.011231022358135,0.4335367573015272,0.0433804407230585,0.0159649910666569,<keras.src.engine.sequential.Sequential object at 0x7921fd9dda20>
HRL,1.05150510022456,0.2467211694771931,0.0260231475290738,0.0082260414398112,<keras.src.engine.sequential.Sequential object at 0x7922a9f5c130>
HSIC,1.8813857145767516,0.2614360611839842,0.0220925109123605,0.00514743127411,<keras.src.engine.sequential.Sequential object at 0x7921eea727d0>
HST,0.6126283687708919,0.1547445148174236,0.0331486669745564,0.0083645111179131,<keras.src.engine.sequential.Sequential object at 0x7922a9fadea0>
HSY,4.044210423365099,3.678015678643119,0.0210526758407328,0.012087885356632,<keras.src.engine.sequential.Sequential object at 0x7921f4bd2d40>
HUM,14.70429777686132,8.914509041763358,0.0368200050462738,0.0112086815052432,<keras.src.engine.sequential.Sequential object at 0x7921f5ab5f90>
HWM,1.7586570384033289,0.5452908651667241,0.0499217977063995,0.0180796931470025,<keras.src.engine.sequential.Sequential object at 0x7921fc930a30>
IBM,3.509544697171934,0.8603483815669066,0.0243458618899959,0.0054053233509908,<keras.src.engine.sequential.Sequential object at 0x792206cd16c0>
ICE,1.984260104066032,0.6267452844356707,0.0203682809446728,0.0053562907564018,<keras.src.engine.sequential.Sequential object at 0x7921eea46dd0>
IDXX,14.3459534249838,10.11333754711274,0.0385074553876285,0.0105538941013473,<keras.src.engine.sequential.Sequential object at 0x7921eeeef610>
IEX,4.82225562297563,2.012586663829032,0.0277557412261289,0.0093848945442624,<keras.src.engine.sequential.Sequential object at 0x792207a60970>
IFF,5.237580618411561,2.975550480160823,0.0419747120580001,0.0300197369729529,<keras.src.engine.sequential.Sequential object at 0x7921f428fc40>
ILMN,21.809624820081545,9.81486037713896,0.068269707218952,0.0153497542424972,<keras.src.engine.sequential.Sequential object at 0x7922042a0d30>
INCY,4.508243109416061,1.8896770534158824,0.0387505551580952,0.011953934475563,<keras.src.engine.sequential.Sequential object at 0x792214b586a0>
INTC,1.4677180401335124,0.3956932967632187,0.036174616398894,0.0146165260476885,<keras.src.engine.sequential.Sequential object at 0x7921ede0e170>
INTU,18.50890149323518,15.833362088864886,0.0501201845093002,0.0222022820578991,<keras.src.engine.sequential.Sequential object at 0x7921f42fff10>
INVH,0.9399300135094572,0.33527524453606,0.0284831362194313,0.0123586511870808,<keras.src.engine.sequential.Sequential object at 0x79220723fb50>
IP,1.6773426257886883,0.1790382731128934,0.0373580879683387,0.006767605144639,<keras.src.engine.sequential.Sequential object at 0x792207f7a440>
IPG,1.246307620758823,0.4945256505876652,0.0418768677217176,0.0073465412202961,<keras.src.engine.sequential.Sequential object at 0x7921f5dbc460>
IQV,8.006139045156916,4.940672243767686,0.0467188711627409,0.0225476332456694,<keras.src.engine.sequential.Sequential object at 0x7921eed90100>
IR,1.4845615694112329,0.6573799439978568,0.0280018499003136,0.0100702179984804,<keras.src.engine.sequential.Sequential object at 0x79220788d090>
IRM,2.196349547922759,1.7539026179055273,0.0548985779014,0.0237973252819016,<keras.src.engine.sequential.Sequential object at 0x79220723dd20>
ISRG,9.458698519613971,7.600753094780523,0.0368287780085414,0.0156338327992303,<keras.src.engine.sequential.Sequential object at 0x7921e4b64e20>
IT,8.235849091527694,4.355248817454807,0.0341187943074244,0.0191626630939964,<keras.src.engine.sequential.Sequential object at 0x7922054e56f0>
ITW,4.555827252991502,1.9756610919822,0.0232532592906104,0.0043978206464902,<keras.src.engine.sequential.Sequential object at 0x7921ddd2d3c0>
IVZ,1.2520620106253817,0.2989220512798102,0.0517310611932097,0.0167583851423072,<keras.src.engine.sequential.Sequential object at 0x7921ddd2ca60>
J,3.407979980107305,1.556001739890238,0.0360195956428735,0.0146708449627866,<keras.src.engine.sequential.Sequential object at 0x7921ee805c00>
JBHT,4.478170960688028,0.9454776440251204,0.0329830322914837,0.009693978562079,<keras.src.engine.sequential.Sequential object at 0x792269a64220>
JCI,2.285305259027409,1.1515096645580083,0.0427607636476448,0.0169381385248688,<keras.src.engine.sequential.Sequential object at 0x7921f6e0a4d0>
JKHY,3.393722706319058,1.8786133998083328,0.0198195285179966,0.0061765473986931,<keras.src.engine.sequential.Sequential object at 0x7921ede44910>
JNJ,3.3836034998863127,1.2908404892526806,0.0216686518328805,0.0060822491388374,<keras.src.engine.sequential.Sequential object at 0x7921ff628ee0>
JNPR,0.9710352520888128,0.0827383152332015,0.033530763120037,0.0057053006049975,<keras.src.engine.sequential.Sequential object at 0x7921f7f88400>
JPM,4.065589249753241,1.6319209575581246,0.0328686563174101,0.0042748327378257,<keras.src.engine.sequential.Sequential object at 0x7921ee6860e0>
K,1.5971882978853318,0.3095879264149095,0.0222605129717774,0.0049365368427687,<keras.src.engine.sequential.Sequential object at 0x7921dff349d0>
KDP,0.6157967600943844,0.273732132128668,0.0215302864154053,0.0071470416048221,<keras.src.engine.sequential.Sequential object at 0x7921def41780>
KEY,0.8088935621631558,0.4530185938174033,0.04618183682087,0.0253124434653656,<keras.src.engine.sequential.Sequential object at 0x7921fe725630>
KEYS,6.040198623954078,4.455284559777349,0.0458557384328988,0.0167545607184225,<keras.src.engine.sequential.Sequential object at 0x7922076c11e0>
KIM,0.8086184504154892,0.361770287179028,0.0429523239970955,0.0252506361273814,<keras.src.engine.sequential.Sequential object at 0x7de70813b040>
KLAC,14.9514359298515,12.1679252408083,0.063073190355211,0.0212462618308047,<keras.src.engine.sequential.Sequential object at 0x7de710175330>
KMB,2.7111246321910176,0.4680074358305773,0.020277729013738,0.0052668560522306,<keras.src.engine.sequential.Sequential object at 0x7de7a7c3ead0>
KMI,0.7706404077250334,0.6202176648942646,0.0369501972973116,0.0233962195419971,<keras.src.engine.sequential.Sequential object at 0x7de70821e650>
KMX,4.418534912685499,1.7536110454986609,0.0454150462146988,0.0163657022949365,<keras.src.engine.sequential.Sequential object at 0x7de7202858d0>
KO,1.245802640563395,0.440155690297328,0.0220038916518029,0.0060477083045236,<keras.src.engine.sequential.Sequential object at 0x7de7101a8580>
KR,1.9191881554271604,0.8145124455037327,0.0612944212835587,0.0421085053833728,<keras.src.engine.sequential.Sequential object at 0x7de72059e080>
KVUE,0.3526459879108181,0.0,0.0125013949159887,0.0,<keras.src.engine.sequential.Sequential object at 0x7de7201bd5a0>
L,1.6677067621406485,0.5390847868829743,0.0304831851766757,0.0165082129070374,<keras.src.engine.sequential.Sequential object at 0x7de7107b1990>
LDOS,2.651375931637206,1.3623498534013383,0.0331728804144967,0.0135248248650609,<keras.src.engine.sequential.Sequential object at 0x7de75b9f1870>
LEN,3.105314106782681,1.2701722542034242,0.0366957320511217,0.0064464637847548,<keras.src.engine.sequential.Sequential object at 0x7de79c1109a0>
LH,7.068359682944089,3.5551120081694894,0.0354489679817286,0.0147835284733537,<keras.src.engine.sequential.Sequential object at 0x7de708526d40>
LHX,6.597297465250486,4.308208799130217,0.0362544959742336,0.0164590950507251,<keras.src.engine.sequential.Sequential object at 0x7de6bf412cb0>
LIN,8.131218946847289,4.349155558724485,0.0377080973057235,0.0215562849787665,<keras.src.engine.sequential.Sequential object at 0x7de71073fdf0>
LKQ,1.156981361664473,0.551836297911628,0.0226619599278426,0.0041277496085719,<keras.src.engine.sequential.Sequential object at 0x7de7a7b66b90>
LLY,12.873258784525486,11.612790160553567,0.0498925357542677,0.026808031462832,<keras.src.engine.sequential.Sequential object at 0x7de79c0ea830>
LMT,11.02851089366892,6.84897871269631,0.033756478081723,0.0195501031267137,<keras.src.engine.sequential.Sequential object at 0x7de710307ee0>
LNT,1.5846841576903978,0.87448213702042,0.0321749554107893,0.0127212668278687,<keras.src.engine.sequential.Sequential object at 0x7de708221d50>
LOW,5.111467362850638,2.88448811865532,0.0308823685917264,0.0080375213451165,<keras.src.engine.sequential.Sequential object at 0x7de6bf0cb310>
LRCX,15.68307645999524,12.234324616955009,0.0385174503933653,0.003109019454919,<keras.src.engine.sequential.Sequential object at 0x7de79c113550>
LUV,2.097325388826502,0.3643348055178476,0.0418615171377594,0.0124423474220154,<keras.src.engine.sequential.Sequential object at 0x7de6ca175000>
LVS,2.990084879841081,0.7767998944786652,0.0473865761628316,0.0154842961975344,<keras.src.engine.sequential.Sequential object at 0x7de7081f6d70>
LW,3.104921034836358,1.321721252235998,0.0379643951722874,0.0114147341310385,<keras.src.engine.sequential.Sequential object at 0x7de6f874ace0>
LYB,3.0533057294191863,0.8261108731748376,0.0349106029780244,0.0066963931074557,<keras.src.engine.sequential.Sequential object at 0x7de70066f610>
LYV,2.784814584600403,1.4837870069569192,0.037202396364206,0.0083820367285789,<keras.src.engine.sequential.Sequential object at 0x7de70846bd00>
MA,9.651809314950984,6.727212551033615,0.030652451830012,0.0108598806664403,<keras.src.engine.sequential.Sequential object at 0x7de7086c39a0>
MAA,3.7334557551471392,1.6184285791536737,0.0275609955528159,0.0067337129364027,<keras.src.engine.sequential.Sequential object at 0x7de6f868b4c0>
MAR,7.205051763914176,4.214770849543286,0.0519616089530073,0.0240954117137631,<keras.src.engine.sequential.Sequential object at 0x7de708456b60>
MAS,1.762923431301214,0.5595249702689893,0.0355731599200288,0.00844208427938,<keras.src.engine.sequential.Sequential object at 0x7de797f68d60>
MCD,3.643977070336234,1.9302703807350876,0.0168181604307893,0.0082886818335583,<keras.src.engine.sequential.Sequential object at 0x7de7001922c0>
MCHP,2.7179502523603447,1.6432021230126894,0.0427921342101109,0.0102342953947069,<keras.src.engine.sequential.Sequential object at 0x7de6ced030a0>
MCK,12.570824232471432,10.810582793696344,0.0427281242358327,0.0194937622978789,<keras.src.engine.sequential.Sequential object at 0x7de6cabac940>
MCO,6.78960347598871,4.520839430615222,0.0272818333748357,0.0132943926748613,<keras.src.engine.sequential.Sequential object at 0x7de6cae66f20>
MDLZ,1.840273834439236,0.6630505998058278,0.032761843784085,0.015485320475726,<keras.src.engine.sequential.Sequential object at 0x7de6ca9f6500>
MDT,2.808649475280351,0.9475908754610262,0.0277340269677894,0.0072495651575093,<keras.src.engine.sequential.Sequential object at 0x7de635b79570>
MET,1.898246738238796,0.9045045397807764,0.0337466670089498,0.0127566233636125,<keras.src.engine.sequential.Sequential object at 0x7de7101cbb20>
META,11.806708690207945,7.0141621067928215,0.0458664147362933,0.0142233079926743,<keras.src.engine.sequential.Sequential object at 0x7de6bcb0be50>
MGM,2.271300334665732,1.249661117508701,0.0576466454585426,0.0247862362732787,<keras.src.engine.sequential.Sequential object at 0x7de790136aa0>
MHK,9.30044842851805,3.857613912019773,0.0529753421979073,0.0336311248132648,<keras.src.engine.sequential.Sequential object at 0x7de634f323b0>
MKC,1.9547437979625768,0.9801097001830796,0.0237916025977454,0.0070291863484019,<keras.src.engine.sequential.Sequential object at 0x7de6bfbd0610>
MKTX,13.91237987474636,8.750662437529323,0.0504471419460806,0.026181558650387,<keras.src.engine.sequential.Sequential object at 0x7de63488d090>
MLM,11.444956082905232,5.8566646433352725,0.0348746227071028,0.0119218946057329,<keras.src.engine.sequential.Sequential object at 0x7de6344780a0>
MMC,3.186103592433804,1.990129897654664,0.0230587861602741,0.0063203159693027,<keras.src.engine.sequential.Sequential object at 0x7de6d0cc0310>
MMM,4.773940863613999,1.094621575005897,0.0293127360274239,0.0070877632089963,<keras.src.engine.sequential.Sequential object at 0x7de62d8b6c80>
MNST,1.1935655882105034,0.3364138763610794,0.0296247617155874,0.0132200592777149,<keras.src.engine.sequential.Sequential object at 0x7de62cb12a70>
MO,1.4074636617408351,0.5230604210925662,0.0310530166910979,0.0098869018938421,<keras.src.engine.sequential.Sequential object at 0x7de6407efaf0>
MOH,5.628073247009333,2.276501233045387,0.0322156816133292,0.0095303828323471,<keras.src.engine.sequential.Sequential object at 0x7de6464a6d10>
MOS,2.074101430320653,0.6208832093306866,0.0630969766896344,0.0203239895988689,<keras.src.engine.sequential.Sequential object at 0x7de62c7d2860>
MPC,4.157338928974106,2.830266098375706,0.0514309626356518,0.009127919462665,<keras.src.engine.sequential.Sequential object at 0x7de635aacd30>
MPWR,24.810771665240527,26.043996804866183,0.0629844969702811,0.0361250930304594,<keras.src.engine.sequential.Sequential object at 0x7de634bfce20>
MRK,2.1055840371052725,0.9422359465539916,0.0247487170386295,0.0105519743366299,<keras.src.engine.sequential.Sequential object at 0x7de6d17640a0>
MRNA,21.650070116227564,22.23418337696257,0.1078723765720395,0.0254016716159873,<keras.src.engine.sequential.Sequential object at 0x7de6242aa350>
MRO,1.6217769369867792,1.416878693298717,0.089075808378757,0.0695526718694975,<keras.src.engine.sequential.Sequential object at 0x7de743f3e470>
MS,2.639154407054021,1.51531726753109,0.0383048310053514,0.0089744389401519,<keras.src.engine.sequential.Sequential object at 0x7de6ca47f340>
MSCI,16.932274342588947,16.421731932427363,0.0440425691922875,0.0195714901023376,<keras.src.engine.sequential.Sequential object at 0x7de6d0b05870>
MSFT,8.673008731771123,7.355673235353173,0.0401938602962367,0.0175927209559368,<keras.src.engine.sequential.Sequential object at 0x7de6245a14e0>
MSI,4.175652309679362,2.0422793917698394,0.0241490812643904,0.0083811277657479,<keras.src.engine.sequential.Sequential object at 0x7de6cfe0ba00>
MTB,5.132366354198538,1.0397560700011377,0.0353363109862157,0.0081599218729039,<keras.src.engine.sequential.Sequential object at 0x7de6400bd630>
MTCH,5.163597049908966,4.6344808736985925,0.0622606272415628,0.0180503863203299,<keras.src.engine.sequential.Sequential object at 0x7de61c11a020>
MTD,33.28567410899136,16.74638552550303,0.0342575166859664,0.0151033751174682,<keras.src.engine.sequential.Sequential object at 0x7de6018bdc00>
MU,3.6737051782576806,1.2629247484902857,0.0925288315153179,0.0785249938472006,<keras.src.engine.sequential.Sequential object at 0x7de634c67f10>
NCLH,1.9923704372308897,0.9064125409691892,0.047263650342806,0.0238795905510157,<keras.src.engine.sequential.Sequential object at 0x7de6b8118700>
NDAQ,1.53102543668096,0.5486819537927812,0.0415386276817862,0.0119297451270068,<keras.src.engine.sequential.Sequential object at 0x7de61c2b97b0>
NDSN,5.477315334461333,1.9268298849666392,0.0316965322422359,0.0117877616745802,<keras.src.engine.sequential.Sequential object at 0x7de601657c10>
NEE,1.4970255340037806,0.7049291928147547,0.0270022612841258,0.011578951945521,<keras.src.engine.sequential.Sequential object at 0x7de600f318d0>
NEM,1.6093293448493688,0.2750617180519048,0.0488492822980262,0.0318877893363149,<keras.src.engine.sequential.Sequential object at 0x7de601df3400>
NFLX,18.65977827249024,6.851494811223243,0.0534631875530437,0.0144734729926999,<keras.src.engine.sequential.Sequential object at 0x7de5f9597c10>
NI,0.6260903222915438,0.1984360931088255,0.0252190268864833,0.009078623105089,<keras.src.engine.sequential.Sequential object at 0x7de601ac9bd0>
NKE,5.9618109876712735,6.132158864337942,0.0464097796599759,0.0302103841801591,<keras.src.engine.sequential.Sequential object at 0x7de5f8e55a20>
NOC,9.819013851614605,3.1324524928388944,0.0287472307994389,0.0069849248126038,<keras.src.engine.sequential.Sequential object at 0x7de601657370>
NOW,21.75460498932691,20.142902931524237,0.0494390393379378,0.0257327132372548,<keras.src.engine.sequential.Sequential object at 0x7de5d4f88c10>
NRG,1.5446796828678817,0.6427661324458374,0.0510617306325851,0.0283692301413692,<keras.src.engine.sequential.Sequential object at 0x7de5d4e850c0>
NSC,6.050447553934065,2.350779582172145,0.0342024260327228,0.0086725001091233,<keras.src.engine.sequential.Sequential object at 0x7de5f83106a0>
NTAP,2.982824015130753,1.728202995507929,0.0493363665872153,0.0279704651094267,<keras.src.engine.sequential.Sequential object at 0x7de61dd43b50>
NTRS,3.2022935683519647,0.6174388873502195,0.0326034337454924,0.0089586954346857,<keras.src.engine.sequential.Sequential object at 0x7de60077ada0>
NUE,5.371614945997411,4.3848207769251575,0.0492366298137078,0.0165797315004261,<keras.src.engine.sequential.Sequential object at 0x7de61c15b280>
NVDA,15.24906860673282,17.138951022392728,0.0785513304317247,0.0250907075126356,<keras.src.engine.sequential.Sequential object at 0x7de5f9d17520>
NVR,142.74332953171893,68.12417665056864,0.0317491018688002,0.0040058966734199,<keras.src.engine.sequential.Sequential object at 0x7de5f81531c0>
NWS,0.7898820765963244,0.3741227790278443,0.0384413077010809,0.0117651352571663,<keras.src.engine.sequential.Sequential object at 0x7de617f9f6d0>
NWSA,0.6601717970362198,0.0976071690987903,0.0338890582743103,0.0082974905899662,<keras.src.engine.sequential.Sequential object at 0x7de5f9ba92d0>
NXPI,6.951193880355059,2.801857592962707,0.046267930710144,0.0258259470898571,<keras.src.engine.sequential.Sequential object at 0x7de6cf6d5a20>
O,1.5485839881753751,0.6809175305951293,0.0247363855566638,0.0076974232205804,<keras.src.engine.sequential.Sequential object at 0x7de5f82092d0>
ODFL,11.872594362248382,12.793440375640142,0.0525564036412932,0.0213581764283914,<keras.src.engine.sequential.Sequential object at 0x7de6258737f0>
OGN,1.2372830038197296,0.3723411737078538,0.0483230091729935,0.0219059550028065,<keras.src.engine.sequential.Sequential object at 0x7de625146440>
OKE,2.1074670477775914,0.678294841462917,0.0439514378129686,0.0119794668149818,<keras.src.engine.sequential.Sequential object at 0x7de5d46f89a0>
OMC,3.065327863320276,1.3078148419341262,0.0357824782359806,0.0111641407120474,<keras.src.engine.sequential.Sequential object at 0x7de5f9b955d0>
ON,3.618809729307088,4.112496867671737,0.0678276245529263,0.0215110434226793,<keras.src.engine.sequential.Sequential object at 0x7de5f81d96c0>
ORCL,2.971063938009578,0.8483803911882692,0.0429524779239982,0.0110865647371838,<keras.src.engine.sequential.Sequential object at 0x7de5f81db160>
ORLY,19.73086923045576,9.828563082385312,0.0438527700437032,0.0278116419321402,<keras.src.engine.sequential.Sequential object at 0x7de5a5e01ed0>
OTIS,1.831954208223174,0.1225931679395314,0.0175457038557785,9.864097626096496e-06,<keras.src.engine.sequential.Sequential object at 0x7de600b63370>
OXY,3.0832675537527257,1.871081970165418,0.0648674180204344,0.0465736424633085,<keras.src.engine.sequential.Sequential object at 0x7de5f9178640>
PANW,6.743317681710863,5.412488431323701,0.0471976496846908,0.0183447311496759,<keras.src.engine.sequential.Sequential object at 0x7de5f86bd840>
PARA,2.1168024817693363,0.8336092809041467,0.0490132589870391,0.0157771591316267,<keras.src.engine.sequential.Sequential object at 0x7de5f8114f40>
PAYC,17.83644314836679,14.368294581645756,0.0622347558885222,0.0215389640078356,<keras.src.engine.sequential.Sequential object at 0x7de5a5d0faf0>
PAYX,3.287707521037359,2.744059502093641,0.0335226214025212,0.0225441455046068,<keras.src.engine.sequential.Sequential object at 0x7de5f8117130>
PCAR,1.9165081478414083,1.1588197800046862,0.0306216670074924,0.0072648920555189,<keras.src.engine.sequential.Sequential object at 0x7de594779450>
PCG,1.5133505869463502,0.8533569187853697,0.0549235642463095,0.0397848259976044,<keras.src.engine.sequential.Sequential object at 0x7de6cb0a1d80>
PEAK,0.9913705430722766,0.5042458825309586,0.0312252377319443,0.0119340906929745,<keras.src.engine.sequential.Sequential object at 0x7de5a726c070>
PEG,1.1813105787890208,0.0212651221727349,0.0218400324915255,0.0066710853694724,<keras.src.engine.sequential.Sequential object at 0x7de5a4bcfe50>
PEP,2.814903073205286,1.136805879040924,0.0186546908205565,0.00538589837102,<keras.src.engine.sequential.Sequential object at 0x7de5d4e203d0>
PFE,1.567102578085883,0.8386800751006124,0.0391010322168273,0.0188612095551119,<keras.src.engine.sequential.Sequential object at 0x7de59645c5b0>
PFG,2.274916707277137,0.6739474315127246,0.0344155533367187,0.0066849364218862,<keras.src.engine.sequential.Sequential object at 0x7de59d66e0b0>
PG,2.677433824276911,0.9457507450908248,0.0228562641539637,0.0071225142735943,<keras.src.engine.sequential.Sequential object at 0x7de597c49600>
PGR,2.550996307691609,2.1507205933031317,0.0245997922714113,0.0092761421481252,<keras.src.engine.sequential.Sequential object at 0x7de640b843a0>
PH,7.056871985102367,4.324860624093807,0.0259814856942193,0.0041771501940195,<keras.src.engine.sequential.Sequential object at 0x7de5a49a2980>
PHM,2.57129998755915,3.09262303070973,0.0441453701655065,0.0302633586997395,<keras.src.engine.sequential.Sequential object at 0x7de6cb67ff70>
PKG,4.466444809370717,1.4380282374968314,0.0389616301619381,0.0120855034114268,<keras.src.engine.sequential.Sequential object at 0x7de58d975030>
PLD,2.7185483753048514,1.1897535575018416,0.0329129650749624,0.019392500470752,<keras.src.engine.sequential.Sequential object at 0x7de5a6cd6ad0>
PM,1.871845152018113,0.5366396519071934,0.0202724634215918,0.0070460317138107,<keras.src.engine.sequential.Sequential object at 0x7de640a86290>
PNC,4.631105799956372,1.4236071607639964,0.0346504428771838,0.0093043913890146,<keras.src.engine.sequential.Sequential object at 0x7de5a4c9a650>
PNR,2.2556176041582416,1.3193700548459433,0.0364029883892028,0.012076074357318,<keras.src.engine.sequential.Sequential object at 0x7de59c92b520>
PNW,2.4440148897106,0.6794437024713734,0.0296724107389148,0.0052877521001413,<keras.src.engine.sequential.Sequential object at 0x7de59cdf3af0>
PODD,12.044313859220694,8.362989577257903,0.0738009400891286,0.0272541993149431,<keras.src.engine.sequential.Sequential object at 0x7de58e47c670>
POOL,14.901406468201412,13.4637680346998,0.0463148062028946,0.0199328123606219,<keras.src.engine.sequential.Sequential object at 0x7de58d2db940>
PPG,4.582500325821988,1.4932413716554995,0.0335066251494463,0.01227304146847,<keras.src.engine.sequential.Sequential object at 0x7de597ae3f70>
PPL,0.7920119885956665,0.1616666233750194,0.0274711231758865,0.0053544717876198,<keras.src.engine.sequential.Sequential object at 0x7de5a55e6080>
PRU,3.683364693451957,1.3942518758074305,0.0390157689766762,0.0142987267726638,<keras.src.engine.sequential.Sequential object at 0x7de596fb8df0>
PSA,6.001327688537576,1.2563572090709945,0.0249415296059335,0.0054069189046728,<keras.src.engine.sequential.Sequential object at 0x7de595b95b10>
PSX,3.294760908761147,1.1485771485143343,0.0356112590352496,0.0085839548690375,<keras.src.engine.sequential.Sequential object at 0x7de585211db0>
PTC,5.361280709642075,2.9729641651274243,0.0507916829275748,0.0235428317083682,<keras.src.engine.sequential.Sequential object at 0x7de58ec71930>
PWR,4.248219181404084,4.616588745794108,0.0423492252093704,0.0201848440211759,<keras.src.engine.sequential.Sequential object at 0x7de58d494d90>
PXD,8.499286121997402,3.3720154869349783,0.0625907923621619,0.0418416397287703,<keras.src.engine.sequential.Sequential object at 0x7de59d5d4b80>
QCOM,3.7702104580999647,1.326642397309255,0.0465884219789661,0.0238207459670412,<keras.src.engine.sequential.Sequential object at 0x7913d0646b90>
QRVO,6.759709623980721,5.209959590208117,0.0879592291113102,0.1082427546352807,<keras.src.engine.sequential.Sequential object at 0x791450541db0>
RCL,6.2523852395378485,2.776950269205756,0.0572562857967531,0.0273709798877838,<keras.src.engine.sequential.Sequential object at 0x79143c70ab60>
REG,1.5828641493963034,0.3168774502317522,0.0233109825679483,0.0038423399843402,<keras.src.engine.sequential.Sequential object at 0x7913d0508eb0>
REGN,32.09927187816622,15.09161520166124,0.0505043628636273,0.0279878548701418,<keras.src.engine.sequential.Sequential object at 0x7913fbf977f0>
RF,0.6995505259839996,0.2519663741122134,0.0405483428432806,0.0080437034520852,<keras.src.engine.sequential.Sequential object at 0x79143c000e50>
RHI,3.1993359143503923,1.602799084219865,0.0385440325139413,0.008930424593082,<keras.src.engine.sequential.Sequential object at 0x7913d04de2f0>
RJF,2.2012636458090435,0.4078707376571225,0.0303001975096497,0.0105377896017633,<keras.src.engine.sequential.Sequential object at 0x7913d0630970>
RL,5.864689649727112,1.6683579622990914,0.0475066424486571,0.0084396055507336,<keras.src.engine.sequential.Sequential object at 0x79145f887220>
RMD,12.7270509372898,10.56902149142314,0.0671393730748622,0.0319444635845323,<keras.src.engine.sequential.Sequential object at 0x7914507d92a0>
ROK,9.338646243554672,5.7690403983026615,0.0356359148344261,0.0083782049120045,<keras.src.engine.sequential.Sequential object at 0x7914506c9c90>
ROL,1.183812082700033,0.6541372546387694,0.0388448496558942,0.0166836702780773,<keras.src.engine.sequential.Sequential object at 0x7913d847d900>
ROP,13.388168304584816,8.808094583297555,0.0326501836910503,0.0141553342851062,<keras.src.engine.sequential.Sequential object at 0x7913fbf997b0>
ROST,4.01466411698778,1.7361236875653183,0.0394509223703377,0.0117857121648633,<keras.src.engine.sequential.Sequential object at 0x791450513880>
RSG,2.527187534188568,1.9037100211565408,0.0242951443198792,0.0151194101992193,<keras.src.engine.sequential.Sequential object at 0x7913841f1360>
RTX,2.415834778137499,0.8175186353147755,0.0290681964645808,0.0144112808567872,<keras.src.engine.sequential.Sequential object at 0x7913d8205180>
RVTY,5.565298094856247,4.272425506063407,0.0407647311299704,0.0145806099476172,<keras.src.engine.sequential.Sequential object at 0x79143c0f7eb0>
SBAC,14.425751286904273,13.09606189886406,0.0581441122619159,0.0525816576076175,<keras.src.engine.sequential.Sequential object at 0x7913841ed180>
SBUX,2.3756832802143,0.6308933636549806,0.0277162297634346,0.0104238568113291,<keras.src.engine.sequential.Sequential object at 0x7913d0508f10>
SCHW,2.645794808217818,0.9114929649871916,0.0488481586342533,0.0142345037575084,<keras.src.engine.sequential.Sequential object at 0x7913d839f4c0>
SEDG,14.859579814734383,13.151819897362394,0.12031907263026,0.078452281114177,<keras.src.engine.sequential.Sequential object at 0x79130426ea70>
SEE,2.1494820461119666,1.311133565443814,0.0412579436179415,0.0295153694119717,<keras.src.engine.sequential.Sequential object at 0x7914501c3b20>
SHW,6.781391651776795,3.1020393168714,0.0310068267511012,0.0090552933014274,<keras.src.engine.sequential.Sequential object at 0x79145075be50>
SJM,3.479478399666811,0.7087695114483976,0.0255032560023631,0.0050856166520682,<keras.src.engine.sequential.Sequential object at 0x7913d85454e0>
SLB,2.5340174562838778,0.749813757629829,0.0465144345069194,0.0154342489761696,<keras.src.engine.sequential.Sequential object at 0x79137b0e2680>
SNA,7.127741470775884,4.961779455697309,0.0309610635772261,0.0206930046274621,<keras.src.engine.sequential.Sequential object at 0x7912ec19cfa0>
SNPS,6.72237516885711,5.598403231503971,0.0233565560124651,0.006575981341314,<keras.src.engine.sequential.Sequential object at 0x79137c3126e0>
SO,1.1557479501334842,0.400510080385726,0.019993638437299,0.0048490713963864,<keras.src.engine.sequential.Sequential object at 0x7913041a0670>
SPG,3.785079027103437,0.8623753231818337,0.0277445092825655,0.0073382703760096,<keras.src.engine.sequential.Sequential object at 0x79137b6ae260>
SPGI,9.551282139589526,7.078018745333544,0.0285237688090679,0.010747638717316,<keras.src.engine.sequential.Sequential object at 0x791324636c20>
SRE,1.924380491369525,0.6278690211904041,0.0329678402253901,0.0042844966139798,<keras.src.engine.sequential.Sequential object at 0x79138427efb0>
STE,7.348349676017898,4.490539705488629,0.0465251731685442,0.0181274048333192,<keras.src.engine.sequential.Sequential object at 0x7914501af760>
STLD,2.5688475273890434,1.5262081126715483,0.0489597045633766,0.0155985718347013,<keras.src.engine.sequential.Sequential object at 0x79137bdefbe0>
STT,3.186694728759673,1.2012806019215845,0.0454148100211537,0.0297010695399273,<keras.src.engine.sequential.Sequential object at 0x7913254ed300>
STX,2.8447617924699293,1.6144511788402576,0.0464782149981789,0.0105255420170396,<keras.src.engine.sequential.Sequential object at 0x7913b47d6d70>
STZ,7.174462297343934,2.6608593693850184,0.0310803916774397,0.0093552859204739,<keras.src.engine.sequential.Sequential object at 0x7913b4729d50>
SWK,5.831748701875202,3.161055915519034,0.0417115591617434,0.0308880443168799,<keras.src.engine.sequential.Sequential object at 0x7913761c8c10>
SWKS,5.382887420205933,3.2365297826698827,0.0386818444818488,0.0100625303339343,<keras.src.engine.sequential.Sequential object at 0x79137bc8ac20>
SYF,1.199289985163653,0.4649379799589719,0.0281537922912772,0.0073752557965337,<keras.src.engine.sequential.Sequential object at 0x79137b9dc850>
SYK,6.480573117015581,2.947415072170404,0.0269774004702099,0.0070954458129015,<keras.src.engine.sequential.Sequential object at 0x79137bdec8b0>
SYY,1.9378503094365385,0.7660594315179626,0.0275039047338251,0.0062519690711525,<keras.src.engine.sequential.Sequential object at 0x7913d81d7190>
T,0.621050893460913,0.312039316804808,0.0349507929997922,0.0193249854642612,<keras.src.engine.sequential.Sequential object at 0x791376afe590>
TAP,1.8830250542728264,0.2816024521448833,0.0251966529687022,0.0030453628086437,<keras.src.engine.sequential.Sequential object at 0x79137c12e3e0>
TDG,19.81961260132301,9.246880003405908,0.0371451356541666,0.0129543635359257,<keras.src.engine.sequential.Sequential object at 0x7912dcea6dd0>
TDY,15.62002623127194,12.09236526092148,0.0468467395045167,0.0278451635866944,<keras.src.engine.sequential.Sequential object at 0x791450283310>
TECH,3.040827776823752,2.4932285684759896,0.0394672108708801,0.011390071498872,<keras.src.engine.sequential.Sequential object at 0x7912fc40bc10>
TEL,4.358959065030441,2.860358918205074,0.0354062893128964,0.0133109462112098,<keras.src.engine.sequential.Sequential object at 0x791450180490>
TER,3.09525879090038,1.5623650977748114,0.0377506222319478,0.0108836897222398,<keras.src.engine.sequential.Sequential object at 0x7914029ebfd0>
TFC,1.367215168057658,0.297770225024289,0.0310378817303971,0.0110026777490959,<keras.src.engine.sequential.Sequential object at 0x791324a394b0>
TFX,12.320038015267189,7.63521966550865,0.0390596904734589,0.0174628859646472,<keras.src.engine.sequential.Sequential object at 0x7912dcea5420>
TGT,6.786683947772734,4.413089132129589,0.0482742589011621,0.0274951835799489,<keras.src.engine.sequential.Sequential object at 0x7912c814a9e0>
TJX,2.1098447622018104,1.1371639058395568,0.0318513007035097,0.0105143659466816,<keras.src.engine.sequential.Sequential object at 0x7912dc48c130>
TMO,17.231586696269087,12.624888771167724,0.0451225946173082,0.0178642189737463,<keras.src.engine.sequential.Sequential object at 0x7912d55048b0>
TMUS,2.251439739552977,0.5307444711327841,0.0215178710498746,0.0057414164897294,<keras.src.engine.sequential.Sequential object at 0x791450365a50>
TPR,2.645490458205704,0.5996654725639443,0.0687582767319904,0.0221919179868542,<keras.src.engine.sequential.Sequential object at 0x7912c8261870>
TRGP,3.781559387096173,1.7713184928836765,0.0664242400606162,0.0173721038048049,<keras.src.engine.sequential.Sequential object at 0x7912e54051b0>
TRMB,1.9886003631893008,0.5011044011439231,0.0448274780441762,0.0316804279743306,<keras.src.engine.sequential.Sequential object at 0x7913761c8d00>
TROW,3.1730074240535115,1.2828857998082428,0.0269029645669188,0.0094535010264195,<keras.src.engine.sequential.Sequential object at 0x7913d8325930>
TRV,3.300993088944298,0.9635181451436124,0.0215853359254955,0.0040162401314023,<keras.src.engine.sequential.Sequential object at 0x7912e458f4f0>
TSCO,4.255778070160585,1.614121053117241,0.0307795872061652,0.007056412966918,<keras.src.engine.sequential.Sequential object at 0x791324773520>
TSLA,6.008832314402666,5.795951100393811,0.0609471403161387,0.0171773587584874,<keras.src.engine.sequential.Sequential object at 0x7912e4d29f00>
TSN,2.626890125837748,1.1504500794323624,0.0354014946665938,0.0104657358778892,<keras.src.engine.sequential.Sequential object at 0x7912d505ae90>
TT,5.686643198822319,3.514031514681275,0.0413807034491537,0.0072732260468313,<keras.src.engine.sequential.Sequential object at 0x791325959090>
TTWO,5.015066234277255,1.8546484215173995,0.0423280191329127,0.011076635988673,<keras.src.engine.sequential.Sequential object at 0x7912dccc3e20>
TXN,4.741719454367271,2.3327146807726664,0.0391494712983131,0.0153427060160733,<keras.src.engine.sequential.Sequential object at 0x7912e4749c30>
TXT,2.7773059232739383,0.9206467349380958,0.040937721084037,0.0183885928504149,<keras.src.engine.sequential.Sequential object at 0x7912d4dca020>
TYL,15.324896432523545,12.284932315284808,0.0428851584444007,0.0195035811051403,<keras.src.engine.sequential.Sequential object at 0x7912bcd8e290>
UAL,3.59607045631276,1.3713872588369806,0.0492943034030006,0.0185032298018857,<keras.src.engine.sequential.Sequential object at 0x7912b84bc9d0>
UDR,1.691851301566368,1.273681189289591,0.0372728740370979,0.0214961617520118,<keras.src.engine.sequential.Sequential object at 0x7914cd09ec20>
UHS,5.890346240340412,1.2337936449993836,0.0340967235783258,0.0062494075422851,<keras.src.engine.sequential.Sequential object at 0x79128d6b3250>
ULTA,14.044944658787198,5.650534661262624,0.0397731058117798,0.0175380624776288,<keras.src.engine.sequential.Sequential object at 0x7912e4575810>
UNH,11.139580972785245,5.409322902502903,0.0390468543449881,0.027365490896386,<keras.src.engine.sequential.Sequential object at 0x7912d51eb220>
UNP,5.85775378889912,2.7475188860769286,0.0317453479894163,0.0072242717142663,<keras.src.engine.sequential.Sequential object at 0x7912868e4790>
UPS,4.2143833467239,2.1838906526596995,0.0253670623978868,0.0045949499090922,<keras.src.engine.sequential.Sequential object at 0x7912b84bf130>
URI,11.720831562408732,5.7433104511376,0.0572446105042278,0.0332612924569485,<keras.src.engine.sequential.Sequential object at 0x79128d63fac0>
USB,1.693587167500428,0.6099425944167033,0.0337608500318183,0.0094227689671348,<keras.src.engine.sequential.Sequential object at 0x79128ca4ce50>
V,6.701647536876092,5.22764873916914,0.0334591700693131,0.0170678791086077,<keras.src.engine.sequential.Sequential object at 0x7912e5c53d30>
VFC,2.402303406023816,0.9796371172868928,0.0501354646877833,0.03914605221771,<keras.src.engine.sequential.Sequential object at 0x79128d984790>
VICI,0.6268142279345675,0.2103151644037584,0.0199048783271514,0.0039705793892396,<keras.src.engine.sequential.Sequential object at 0x7912b006ac80>
VLO,3.230652708138062,1.2037839898350216,0.0394156566620966,0.0128576268263995,<keras.src.engine.sequential.Sequential object at 0x791287f3d990>
VMC,5.153059474777758,2.225737442197751,0.0297411594694914,0.0086461114964098,<keras.src.engine.sequential.Sequential object at 0x79124c2f3640>
VRSK,7.092821242849043,6.499795785061938,0.0382262461280905,0.0230722092974636,<keras.src.engine.sequential.Sequential object at 0x79128651e1d0>
VRSN,6.254557572244117,2.9352460582032305,0.0333256302683981,0.0097217605503461,<keras.src.engine.sequential.Sequential object at 0x7912b01038b0>
VRTX,9.745943588100683,2.625809228934992,0.0413349506396873,0.0115022819603605,<keras.src.engine.sequential.Sequential object at 0x7912847f5450>
VTR,3.4256289585328625,1.483524782446747,0.0543787387177952,0.0244920455038802,<keras.src.engine.sequential.Sequential object at 0x7912864aef50>
VTRS,3.346560086505889,4.574288063246645,0.0749803445206724,0.0702050566738468,<keras.src.engine.sequential.Sequential object at 0x7912d52adf90>
VZ,0.896730347877955,0.3926060753916537,0.0193444694219597,0.0106471725368301,<keras.src.engine.sequential.Sequential object at 0x7912ecdd2cb0>
WAB,4.619733073495508,1.0227905873395402,0.046573939833707,0.0148118919980607,<keras.src.engine.sequential.Sequential object at 0x7912ece40100>
WAT,7.138713022308975,3.1172372553819065,0.0250706289373528,0.0052398025911355,<keras.src.engine.sequential.Sequential object at 0x791285b30c40>
WBA,2.3717203433515683,1.0482819975085778,0.047213351377697,0.0357390084126846,<keras.src.engine.sequential.Sequential object at 0x791284ae6380>
WBD,1.298754443165064,0.4163881348151853,0.0411161295801032,0.0077415650475159,<keras.src.engine.sequential.Sequential object at 0x79124cc0bf70>
WDC,4.691355205126561,1.5726635895718126,0.0688220975738232,0.0262520070536985,<keras.src.engine.sequential.Sequential object at 0x79128d8bb190>
WEC,1.819425008016309,0.3421541147338606,0.0240275239502453,0.006995696103556,<keras.src.engine.sequential.Sequential object at 0x79124c2bfaf0>
WELL,1.7609636977160004,0.4458396562911217,0.0207807303388205,0.003316606093666,<keras.src.engine.sequential.Sequential object at 0x79124cbce7d0>
WFC,1.4835903299623714,0.4778304106311056,0.0275949087661241,0.0088544131564147,<keras.src.engine.sequential.Sequential object at 0x79128c366d10>
WHR,6.714196435018178,2.364824394810965,0.0373582143981054,0.0062644324396315,<keras.src.engine.sequential.Sequential object at 0x791244ede890>
WM,3.1385284605819,1.626817016216922,0.0265465712332348,0.0036913185161401,<keras.src.engine.sequential.Sequential object at 0x791245b26cb0>
WMB,1.3841854582019535,0.6789495415088842,0.0418897111628172,0.0122802198453135,<keras.src.engine.sequential.Sequential object at 0x79146095d810>
WMT,4.781609222662107,2.7501072209983306,0.0379520821417886,0.0190939822800208,<keras.src.engine.sequential.Sequential object at 0x79124d4b1180>
WRB,1.724589838850192,0.936538859074036,0.0422334095618062,0.025257138785177,<keras.src.engine.sequential.Sequential object at 0x79124599a440>
