gbm_avg_RMSE,arima_avg_RMSE,xgb_avg_RMSE,lstm_avg_RMSE,RMSE_best_model
8.092,1.424,2.947717227760379,5.767298302784831,arima_avg_RMSE
4.82,0.22599999999999998,0.9867945728516228,1.881555465819284,arima_avg_RMSE
7.814,1.008,1.3502460485465082,5.905118364928481,arima_avg_RMSE
9.31,3.068,1.2641110199302532,3.2333565926604173,xgb_avg_RMSE
4.862,1.528,0.9330798130368548,2.93533721923599,xgb_avg_RMSE
2.4200000000000004,0.804,0.4441562899270272,1.4769093071287085,xgb_avg_RMSE
12.518,3.199999999999999,3.208087485975609,8.793977143754656,arima_avg_RMSE
43.358,0.698,9.649370160897858,21.655796957294644,arima_avg_RMSE
5.644,2.238,1.9282078311255355,4.518907801562429,xgb_avg_RMSE
4.8740000000000006,1.794,0.5184808901317073,2.266692688151367,xgb_avg_RMSE
9.02,2.968,1.8566473797413667,5.058992474331427,xgb_avg_RMSE
22.658,0.8400000000000001,4.831265170717816,9.077871059602431,arima_avg_RMSE
2.75,0.758,0.7731473154289157,2.299942407398349,arima_avg_RMSE
3.5780000000000003,1.004,0.8355282700300235,2.0381387282760044,xgb_avg_RMSE
1.182,0.75,0.2690850828813164,0.6856302454724832,xgb_avg_RMSE
2.626,0.6719999999999999,0.6450240123812213,1.6470535971922478,xgb_avg_RMSE
3.248,0.6479999999999999,0.7572313750013733,1.7702380868645384,arima_avg_RMSE
5.906000000000001,0.606,2.068364411342871,5.096536528217494,arima_avg_RMSE
6.972,0.576,1.63026403396488,4.281303923983619,arima_avg_RMSE
8.068,0.274,0.8706815928019582,3.930538576486659,arima_avg_RMSE
12.57,1.0879999999999999,3.7670453573057134,8.424957895916673,arima_avg_RMSE
59.932,0.4,4.841778649365873,26.96011475561582,arima_avg_RMSE
6.174,0.832,1.265794125615407,2.941542533262673,arima_avg_RMSE
5.078,1.4979999999999998,1.4240786617661725,3.906115902391608,xgb_avg_RMSE
6.812,0.968,1.4527657169343298,3.975854674896505,arima_avg_RMSE
7.312,1.5939999999999999,1.0459932945384016,4.521602053564771,xgb_avg_RMSE
0.518,0.248,0.2517462681077327,0.3783739737061733,arima_avg_RMSE
7.590000000000001,1.278,2.048308200375967,3.869086526437866,arima_avg_RMSE
5.424,0.37,0.9778901362427324,3.4741386419127034,arima_avg_RMSE
9.966,3.76,3.1371303866236118,6.440057443693471,xgb_avg_RMSE
13.273999999999996,0.6799999999999989,2.576255098278142,9.14334782187946,arima_avg_RMSE
9.61,1.3900000000000001,2.957211242345972,7.7966337075051,arima_avg_RMSE
12.446,1.77,1.3224537575693711,4.938143795074791,xgb_avg_RMSE
7.587999999999999,1.2,2.768527983094989,5.618901404954433,arima_avg_RMSE
20.8,1.472,2.907888431016061,10.032706264011022,arima_avg_RMSE
8.504000000000001,0.77,2.5223851268628508,8.715747406307965,arima_avg_RMSE
3.97,0.414,0.8183445190209058,1.810061016784226,arima_avg_RMSE
4.966,0.708,1.440093477319574,2.7241280022211183,arima_avg_RMSE
11.552,0.794,1.8131887494648289,5.636607199826367,arima_avg_RMSE
3.018,0.7979999999999999,0.975200408562445,1.7367391347162229,arima_avg_RMSE
8.982,0.62,1.615626299722183,5.567297089882232,arima_avg_RMSE
8.040000000000001,0.47800000000000004,1.195579178218012,3.522368372338555,arima_avg_RMSE
5.194000000000001,1.173999999999999,0.6103053864291086,2.514102455438988,xgb_avg_RMSE
5.65,1.8900000000000001,1.150577752592724,3.3409351263038056,xgb_avg_RMSE
9.93,0.9279999999999999,1.5249852799662982,6.2213699980721096,arima_avg_RMSE
24.814,2.692,7.346882341430415,21.3028310872968,arima_avg_RMSE
9.806,2.466,2.238351007177364,4.382834071636512,xgb_avg_RMSE
6.858,0.8699999999999999,1.4673604194440315,4.058186546212957,arima_avg_RMSE
13.478,1.387999999999999,1.814211860513654,7.045553979965755,arima_avg_RMSE
7.562,0.906,1.4646983657869233,3.44626544319785,arima_avg_RMSE
110.864,1.6520000000000001,16.70474735838759,62.52423648220846,arima_avg_RMSE
31.126,1.03,4.9242533457352735,13.290892814272365,arima_avg_RMSE
2.172,1.072,0.3459889468932274,1.072365140085333,xgb_avg_RMSE
4.558,2.247999999999999,0.5725668844808501,2.687668069307028,xgb_avg_RMSE
3.3400000000000007,2.8899999999999997,0.6790230156124722,2.18302810140874,xgb_avg_RMSE
5.302,0.45999999999999996,2.1778856247958176,2.909853106760252,arima_avg_RMSE
7.812,1.384,2.287627132147125,2.699770482437301,arima_avg_RMSE
10.622,2.198,2.525066897498045,6.564967093416982,arima_avg_RMSE
2.134,0.528,0.7528685420038924,1.7968113315115246,arima_avg_RMSE
5.5840000000000005,0.16799999999999998,1.2666712784385017,3.004272769196873,arima_avg_RMSE
37.352,0.828,5.215480749114741,17.862177822747693,arima_avg_RMSE
43.484,1.52,6.823222965005411,19.974652267961183,arima_avg_RMSE
2.544,1.756,0.918543287786299,1.7929533485621725,xgb_avg_RMSE
121.564,0.29000000000000004,44.96082376241058,94.2398994464946,arima_avg_RMSE
3.14,0.588,0.6897954887540881,1.4453622908860122,arima_avg_RMSE
53.98,0.932,8.984691453521442,20.27049348063989,arima_avg_RMSE
4.466,0.996,0.688677968311841,2.017051646722183,xgb_avg_RMSE
8.366,0.9219999999999989,1.7359097398052978,4.059586108527521,arima_avg_RMSE
2.304,1.4180000000000001,0.6968096324564547,1.441913320747355,xgb_avg_RMSE
2.222,0.8740000000000001,0.729579723328262,1.841366519732524,xgb_avg_RMSE
3.332,0.762,0.5998803270014422,2.7166543435702675,xgb_avg_RMSE
4.08,0.9199999999999999,1.4559401619651289,3.519245443369217,arima_avg_RMSE
7.229999999999999,0.6819999999999999,1.403276007312503,3.83343632699436,arima_avg_RMSE
4.234,0.9699999999999991,0.8292770437349807,2.5577892336677466,xgb_avg_RMSE
1.684,0.938,0.4585285865685849,1.2954874742431552,xgb_avg_RMSE
5.322,0.9420000000000001,1.219241672221452,3.814259665436731,arima_avg_RMSE
8.270000000000001,1.8479999999999999,1.7450480545667744,4.488001326453336,xgb_avg_RMSE
5.976,1.422,1.5569032538190972,3.6075365487333313,arima_avg_RMSE
4.59,2.0580000000000003,1.1525871148191107,2.7478586685395467,xgb_avg_RMSE
5.481999999999999,1.022,2.011491961850169,4.243679144256759,arima_avg_RMSE
3.562,0.8260000000000001,0.8124768861898775,2.661949619006875,xgb_avg_RMSE
6.22,1.044,2.696547901469092,5.0488781182295615,arima_avg_RMSE
7.318,0.518,1.6354733575823013,4.621258141192658,arima_avg_RMSE
7.482000000000001,0.508,1.825569773617156,3.8578956477596136,arima_avg_RMSE
9.98,0.9139999999999999,1.047812537682142,2.571757333627658,arima_avg_RMSE
2.514,0.496,0.5059266758334797,2.185869621279996,arima_avg_RMSE
4.004,1.006,0.8903731085233986,1.5554663855706257,xgb_avg_RMSE
5.505999999999999,0.514,0.9484568731808082,1.7639607322369009,arima_avg_RMSE
55.124,0.866,8.619072797402527,23.856361884894884,arima_avg_RMSE
14.498,1.5579999999999998,3.0359180106296253,7.789766082788164,arima_avg_RMSE
5.642,1.172,1.5867241757876165,2.906671481390549,arima_avg_RMSE
2.778,0.845999999999999,0.6592938476100363,1.4024044383760832,xgb_avg_RMSE
9.006,1.916,1.9220475408634496,4.792234292838844,arima_avg_RMSE
6.018,0.288,1.1224123165524724,2.92931434224067,arima_avg_RMSE
3.012,0.829999999999999,0.625768259397541,1.6577456104982768,xgb_avg_RMSE
10.716,1.3159999999999998,1.773724058573939,4.956411690997967,arima_avg_RMSE
120.784,1.0739999999999998,20.627698020450183,53.57899282920731,arima_avg_RMSE
12.082,0.71,2.326244734618492,6.975475944439895,arima_avg_RMSE
2.1499999999999995,2.433999999999999,0.5382976475014315,1.436650952250231,xgb_avg_RMSE
6.276000000000001,1.7999999999999998,0.8425835735985023,3.295965073220762,xgb_avg_RMSE
1.614,1.113999999999999,0.340890621274046,0.6720261708748875,xgb_avg_RMSE
9.71,1.056,1.9604517702330635,4.068932803854981,arima_avg_RMSE
17.89,0.8079999999999999,5.299727081879625,11.855641273534598,arima_avg_RMSE
8.815999999999999,0.264,1.4521117254944105,3.523878319751978,arima_avg_RMSE
8.438,1.752,1.7857167347131124,4.3541231554534825,arima_avg_RMSE
19.426,2.6979999999999986,6.130321470221413,17.829393799386036,arima_avg_RMSE
3.194,1.216,0.7862285591369098,1.7213282060999322,xgb_avg_RMSE
1.824,0.712,0.3963831920611603,0.920865000993826,xgb_avg_RMSE
5.385999999999999,0.45999999999999996,1.1126342987904445,3.652015150321209,arima_avg_RMSE
24.612,3.945999999999999,5.343868444065428,4.848651634043266,arima_avg_RMSE
16.836000000000002,1.156,3.673150086299998,6.326598074938081,arima_avg_RMSE
2.7540000000000004,0.622,1.0981061871364743,1.4265629073450743,arima_avg_RMSE
4.464,1.854,0.6445910798037305,2.2714957061300023,xgb_avg_RMSE
1.506,0.762,0.2577860503338074,0.8392986617632963,xgb_avg_RMSE
16.424,0.888,2.956006152546215,8.327805997576169,arima_avg_RMSE
7.266,1.5779999999999998,0.9481530372441632,3.558191887143226,xgb_avg_RMSE
2.238,0.532,0.7058799847834952,1.3038513187005103,arima_avg_RMSE
4.38,0.598,0.8998044713250586,2.67483688527988,arima_avg_RMSE
5.788,2.9419999999999993,1.0376532196864912,3.5299971013376434,xgb_avg_RMSE
10.946000000000002,0.588,1.6777843620514574,4.522867849942645,arima_avg_RMSE
7.968000000000001,1.262,1.8839093197490555,3.384095191463038,arima_avg_RMSE
3.13,0.44200000000000006,0.5693690980442196,1.5658764373766163,arima_avg_RMSE
5.318,0.254,0.7992090608865168,2.0815698835405674,arima_avg_RMSE
5.796,0.646,1.087622633847816,2.904952850300204,arima_avg_RMSE
15.224,2.7379999999999987,4.0324675028809125,9.56902723500533,arima_avg_RMSE
7.226000000000001,1.3539999999999999,1.4533077262550984,3.884255706496341,arima_avg_RMSE
8.786000000000001,1.348,2.652428064440901,7.70195998100011,arima_avg_RMSE
5.136,1.674,0.7148551979766605,3.081277490369388,xgb_avg_RMSE
5.006,3.672,0.8552388910423367,2.946911674909739,xgb_avg_RMSE
12.67,0.95,1.8555809511894104,12.786540165278472,arima_avg_RMSE
11.02,3.154,2.2041538184158003,4.042568609459105,xgb_avg_RMSE
7.784000000000001,0.64,1.304551171407701,3.420896367844321,arima_avg_RMSE
11.63,3.498,3.994191674545148,4.016793964535669,arima_avg_RMSE
7.534000000000001,0.6939999999999991,1.82146206972499,3.6548070562710193,arima_avg_RMSE
35.104,3.1180000000000003,4.545694624200863,20.898821022928725,arima_avg_RMSE
7.343999999999999,1.5859999999999999,2.0799786814342123,4.052182433739529,arima_avg_RMSE
4.252000000000001,1.612,0.9361461575588188,2.242777145879667,xgb_avg_RMSE
3.124,0.424,0.9319450693178244,1.888445924885888,arima_avg_RMSE
9.896,2.51,0.9758166235807112,3.6127677795584936,xgb_avg_RMSE
6.07,0.24,0.9449378182881064,2.2448491534840453,arima_avg_RMSE
5.124,0.8939999999999999,1.25831440887699,4.191230487972472,arima_avg_RMSE
9.264,2.3819999999999992,1.4919416298493242,5.457578053404008,xgb_avg_RMSE
7.820000000000002,0.8,1.4229870018477222,4.7147147139592205,arima_avg_RMSE
3.852,0.935999999999999,1.0864727910353795,1.87570510709863,arima_avg_RMSE
10.446000000000002,0.552,1.4133164349345493,4.72445039193684,arima_avg_RMSE
4.036,1.684,0.7062259158512376,1.777538607213295,xgb_avg_RMSE
13.063999999999998,1.901999999999999,2.036237236029565,8.113474467419632,arima_avg_RMSE
12.945999999999998,1.084,3.985552315175242,7.244901675815305,arima_avg_RMSE
4.798,2.002,0.7233392547791566,1.8317910983232988,xgb_avg_RMSE
14.466,1.0739999999999998,5.854860967858654,12.0620645985437,arima_avg_RMSE
22.976,1.08,3.59274878281624,10.538559572925056,arima_avg_RMSE
5.804,0.378,1.5683054687388729,3.582464134123793,arima_avg_RMSE
5.11,0.8500000000000001,1.1606029217940113,2.5237877141857776,arima_avg_RMSE
14.913999999999998,0.74,2.3063238135535378,6.73273168092179,arima_avg_RMSE
11.724,0.548,2.299304481949719,3.7941765350248673,arima_avg_RMSE
36.742,0.786,5.817134318823301,7.751257696213893,arima_avg_RMSE
37.552,0.8059999999999989,10.15024649018112,20.736275024059136,arima_avg_RMSE
3.914,0.496,0.7902841940708585,1.93623751194277,arima_avg_RMSE
4.298,0.8079999999999999,0.8768019450469012,1.646493513497776,arima_avg_RMSE
2.902,1.528,0.9535666498196684,2.745987710671492,xgb_avg_RMSE
15.616,0.728,3.280474590080728,9.53282890673265,arima_avg_RMSE
6.644,0.6279999999999999,2.1622291087301564,5.051369258732594,arima_avg_RMSE
4.16,1.2679999999999991,1.082548639100123,2.486073729977781,xgb_avg_RMSE
18.43,1.096,2.6967645022840045,6.587943290976827,arima_avg_RMSE
2.988,2.364,0.4295988078451785,1.7086250590659326,xgb_avg_RMSE
4.782000000000001,0.344,0.8797165409536454,4.579199192071577,arima_avg_RMSE
2.014,3.27,0.4314688897731317,1.0107707300061837,xgb_avg_RMSE
4.816,0.493999999999999,0.7185300517076778,2.2697518374604693,arima_avg_RMSE
14.066,1.796,2.887154094579897,8.037320855052378,arima_avg_RMSE
6.981999999999999,0.865999999999999,1.479274515609665,4.0004030713268985,arima_avg_RMSE
0.898,0.62,0.1443010100769609,0.5252966835169817,xgb_avg_RMSE
16.336000000000002,1.022,1.6513399298690892,5.465849164212161,arima_avg_RMSE
2.694,1.824,0.4726634881465456,0.7816078089587128,xgb_avg_RMSE
2.724,0.742,0.6955890161899198,2.7006742898646765,xgb_avg_RMSE
19.05,0.6779999999999999,4.4075397271265055,11.678659891431504,arima_avg_RMSE
19.172,0.898,3.3578622921958194,10.246837890920114,arima_avg_RMSE
1.802,2.3680000000000003,0.2901628884320267,0.8369062591578306,xgb_avg_RMSE
14.824000000000002,3.21,2.2338765811396923,6.244027102603011,xgb_avg_RMSE
5.582,1.8179999999999998,2.166451074824656,4.215439033127319,arima_avg_RMSE
25.04,2.152,4.607799595831053,16.85622026129368,arima_avg_RMSE
6.444,1.3439999999999999,1.4437782651946705,3.488465919117125,arima_avg_RMSE
2.014,1.2839999999999998,0.4472974706002725,1.1451525033738443,xgb_avg_RMSE
19.092,0.716,3.1663907319242326,9.374702109437406,arima_avg_RMSE
6.284000000000001,3.4799999999999995,1.3870655130477756,4.418837374378374,xgb_avg_RMSE
7.982000000000001,0.654,1.424339918426027,2.759227824774515,arima_avg_RMSE
11.136,0.8200000000000001,1.5695672501840563,6.101808254631732,arima_avg_RMSE
2.584,1.128,0.597566827239545,2.047796721012646,xgb_avg_RMSE
11.47,1.138,1.7256684967118552,3.9028948363605087,arima_avg_RMSE
13.636,0.868,1.5290558396337033,5.410695945423027,arima_avg_RMSE
1.5379999999999998,0.466,0.1639998159848991,0.7617919577129401,xgb_avg_RMSE
5.412,1.4380000000000002,0.9241712825139358,2.518095789668396,xgb_avg_RMSE
3.626,4.024,0.8399563840291024,1.6508939177526578,xgb_avg_RMSE
4.658,0.9760000000000001,0.9267311024493926,2.7809758941927343,xgb_avg_RMSE
2.172,1.4779999999999998,0.3137439417301181,1.229626880059774,xgb_avg_RMSE
3.274,0.43200000000000005,0.9457082145530028,1.6178001286621062,arima_avg_RMSE
28.020000000000003,1.19,3.0205734234130883,11.903805489259266,arima_avg_RMSE
6.414,1.4060000000000001,1.7337553337140772,4.178864650504638,arima_avg_RMSE
6.303999999999999,1.1300000000000001,1.8931122475102848,3.174227519736875,arima_avg_RMSE
7.584,1.31,1.0686738830512177,3.49346804592315,xgb_avg_RMSE
10.442,1.1079999999999999,1.5733729292265697,4.687158154402054,arima_avg_RMSE
10.372,0.414,2.143548742443931,2.716149996990634,arima_avg_RMSE
17.768,0.603999999999999,4.028029715791911,10.0629407513814,arima_avg_RMSE
33.092,2.102,4.715836693732724,15.062417795082697,arima_avg_RMSE
4.456,0.712,1.0417047888418796,2.196490388030605,arima_avg_RMSE
5.512,1.5779999999999998,2.255479900726422,4.245942954106718,arima_avg_RMSE
0.8039999999999999,2.162,0.210330209454252,0.4416196243559328,xgb_avg_RMSE
12.372,2.392,2.4815391882323303,9.607023376483712,arima_avg_RMSE
14.362,0.758,2.722568180095412,7.444659534200584,arima_avg_RMSE
9.582,0.472,2.098787806582257,4.415421117864068,arima_avg_RMSE
2.752,0.7040000000000001,0.6519150977828987,1.9026327183638407,xgb_avg_RMSE
16.261999999999997,0.622,2.0702857237043952,7.161248713594728,arima_avg_RMSE
6.552,1.368,1.5981990569355289,3.262382725482283,arima_avg_RMSE
3.0440000000000005,0.8500000000000001,0.6100072804326162,2.003215420478047,xgb_avg_RMSE
9.36,1.104,1.847865912941332,3.982770033216228,arima_avg_RMSE
1.974,2.976,0.3631860055252538,1.011231022358135,xgb_avg_RMSE
2.744,2.306,0.6513339034381846,1.05150510022456,xgb_avg_RMSE
4.273999999999999,0.96,0.7062754270467964,1.881385714576752,xgb_avg_RMSE
1.218,3.59,0.2747633995439955,0.6126283687708919,xgb_avg_RMSE
7.888,0.852,2.013240712355145,4.044210423365099,arima_avg_RMSE
25.046,2.312,5.012572561601704,14.70429777686132,arima_avg_RMSE
4.458,0.526,1.832520199002881,3.509544697171934,arima_avg_RMSE
4.55,0.975999999999999,0.9620268171213242,1.984260104066032,xgb_avg_RMSE
37.094,1.646,5.07780822072611,14.3459534249838,arima_avg_RMSE
9.406,0.65,1.603577115451749,4.82225562297563,arima_avg_RMSE
8.538,1.7599999999999998,2.424330354206905,5.237580618411561,arima_avg_RMSE
42.858,1.758,7.562605971477884,21.809624820081545,arima_avg_RMSE
11.845999999999998,0.868,2.0694852895327687,4.508243109416061,arima_avg_RMSE
4.708,1.234,0.5446045831319049,1.4677180401335124,xgb_avg_RMSE
24.528,2.045999999999999,8.829464120335356,18.50890149323518,arima_avg_RMSE
2.77,1.572,0.614684748234708,1.6773426257886883,xgb_avg_RMSE
1.548,0.227999999999999,0.3363363381958691,1.246307620758823,arima_avg_RMSE
9.13,1.07,3.0636846833191145,8.006139045156916,arima_avg_RMSE
2.116,5.962,0.4928494656327322,2.196349547922759,xgb_avg_RMSE
19.084,3.807999999999999,3.995800852892615,9.458698519613971,arima_avg_RMSE
9.861999999999998,2.476,2.4146131196779983,8.235849091527694,xgb_avg_RMSE
11.32,2.173999999999999,1.579246940207186,4.555827252991502,xgb_avg_RMSE
2.036,1.7100000000000002,0.3536183069612063,1.2520620106253817,xgb_avg_RMSE
4.958,0.832,1.0179691757332896,3.407979980107305,arima_avg_RMSE
7.140000000000001,1.1360000000000001,1.4751706963105788,4.478170960688028,arima_avg_RMSE
3.326,0.842,0.6699593194279515,2.285305259027409,xgb_avg_RMSE
9.156,1.54,1.772306937435557,3.393722706319058,arima_avg_RMSE
6.306,4.744,1.526071406357833,3.3836034998863127,xgb_avg_RMSE
1.456,1.6,0.4321609834276215,0.9710352520888128,xgb_avg_RMSE
7.777999999999999,0.9139999999999999,1.4545301327306566,4.065589249753241,arima_avg_RMSE
2.722,1.5959999999999999,0.7738831637246713,1.5971882978853318,xgb_avg_RMSE
1.63,2.257999999999999,0.2346190719099224,0.6157967600943844,xgb_avg_RMSE
1.214,3.8200000000000003,0.261093865166197,0.8088935621631558,xgb_avg_RMSE
6.746,0.7779999999999999,2.6694858450140915,6.040198623954078,arima_avg_RMSE
1.424,1.424,0.3238872687671941,0.8086184504154892,xgb_avg_RMSE
16.156,1.338,3.3810159577405114,14.9514359298515,arima_avg_RMSE
5.552,1.156,1.233399982726039,2.7111246321910176,arima_avg_RMSE
1.682,0.402,0.2424935806664639,0.7706404077250334,xgb_avg_RMSE
7.24,0.528,1.3198192381783358,4.418534912685499,arima_avg_RMSE
2.04,1.242,0.3771953444909288,1.245802640563395,xgb_avg_RMSE
2.998,1.732,0.6163645319212832,1.9191881554271604,xgb_avg_RMSE
4.412,0.722,0.8007621884795002,2.651375931637206,arima_avg_RMSE
6.196,1.376,1.5635754109808138,3.105314106782681,arima_avg_RMSE
9.138,0.6819999999999999,1.4243621941786464,7.068359682944089,arima_avg_RMSE
9.55,1.142,1.3482126589607186,6.597297465250486,arima_avg_RMSE
10.994,1.014,3.738138406630026,8.131218946847289,arima_avg_RMSE
2.4,0.306,0.5125897760690594,1.156981361664473,arima_avg_RMSE
12.43,2.578,5.008307705302551,12.873258784525486,arima_avg_RMSE
19.27,2.42,2.981638158357204,11.02851089366892,arima_avg_RMSE
1.954,1.649999999999999,0.5305975653655022,1.5846841576903978,xgb_avg_RMSE
9.558,1.534,2.959131077548472,5.111467362850638,arima_avg_RMSE
33.268,2.393999999999999,5.138710756103267,15.68307645999524,arima_avg_RMSE
5.314,0.596,0.788109425548873,2.097325388826502,arima_avg_RMSE
5.154000000000001,0.8840000000000001,1.5943655236801535,2.990084879841081,arima_avg_RMSE
6.122,0.888,1.6844457315526769,3.0533057294191863,arima_avg_RMSE
5.595999999999999,0.5800000000000001,0.9234232764137772,2.784814584600403,arima_avg_RMSE
14.264,0.8260000000000001,3.3229892149825524,9.651809314950984,arima_avg_RMSE
6.464,1.51,1.301605978899482,3.7334557551471392,xgb_avg_RMSE
11.796,0.5639999999999991,2.243325725715947,7.205051763914176,arima_avg_RMSE
3.066,0.868,0.578814665401986,1.762923431301214,xgb_avg_RMSE
8.898,0.474,1.79046764098326,3.643977070336234,arima_avg_RMSE
3.664,2.375999999999999,1.0299312277940211,2.7179502523603447,xgb_avg_RMSE
24.082,1.052,4.140064103004322,12.570824232471432,arima_avg_RMSE
16.884,0.6759999999999999,2.3928355264347503,6.78960347598871,arima_avg_RMSE
1.656,4.824,0.6471488248702923,1.840273834439236,xgb_avg_RMSE
6.362,3.5959999999999996,2.043947651680103,2.808649475280351,xgb_avg_RMSE
2.622,0.392,0.6464877939321234,1.898246738238796,arima_avg_RMSE
25.424,0.516,2.5776338367303917,11.806708690207945,arima_avg_RMSE
2.722,0.762,0.6348840430090764,2.271300334665732,xgb_avg_RMSE
17.728,0.664,2.6769518371484726,9.30044842851805,arima_avg_RMSE
4.048,1.172,0.6179208505798516,1.9547437979625768,xgb_avg_RMSE
32.59,1.278,8.584542881843468,13.91237987474636,arima_avg_RMSE
15.126,2.582,3.5163974153147564,11.444956082905232,arima_avg_RMSE
5.06,0.988,1.7367731919115847,3.186103592433804,arima_avg_RMSE
11.916,1.1219999999999999,2.111238988115645,4.773940863613999,arima_avg_RMSE
2.37,0.818,0.4917505550826074,1.1935655882105034,xgb_avg_RMSE
2.446,1.072,0.4973238956559789,1.4074636617408351,xgb_avg_RMSE
16.96,1.833999999999999,2.857021784006579,5.628073247009333,arima_avg_RMSE
5.14,0.764,0.8978913622210856,2.074101430320653,arima_avg_RMSE
7.934,0.7140000000000001,1.2659471398501971,4.157338928974106,arima_avg_RMSE
23.246,2.105999999999999,8.915444366803413,24.810771665240527,arima_avg_RMSE
3.938,1.0979999999999999,1.1965426742371743,2.1055840371052725,arima_avg_RMSE
3.196,0.45199999999999996,0.5633482593610302,1.6217769369867792,arima_avg_RMSE
4.514,0.6519999999999999,0.7448043743093059,2.639154407054021,arima_avg_RMSE
29.646000000000004,2.466,4.069200198540964,16.932274342588947,arima_avg_RMSE
13.114,1.384,3.280373069390996,8.673008731771123,arima_avg_RMSE
8.79,0.426,2.9704321063282157,4.175652309679362,arima_avg_RMSE
10.23,1.6139999999999999,1.8134780799932295,5.132366354198538,arima_avg_RMSE
10.776,0.64,2.1377403292153967,5.163597049908966,arima_avg_RMSE
64.33599999999998,1.906,11.987963069610757,33.28567410899136,arima_avg_RMSE
6.5200000000000005,1.297999999999999,0.9229782276712554,3.6737051782576806,xgb_avg_RMSE
4.904,1.571999999999999,0.6617868849611551,1.9923704372308897,xgb_avg_RMSE
2.532,1.268,0.3993816499346549,1.53102543668096,xgb_avg_RMSE
12.318,0.416,3.926859703764389,5.477315334461333,arima_avg_RMSE
2.934,2.15,1.1743712586996284,1.4970255340037806,xgb_avg_RMSE
4.822,2.3579999999999988,0.7471961342965775,1.6093293448493688,xgb_avg_RMSE
53.576,0.45199999999999996,7.600933764884667,18.65977827249024,arima_avg_RMSE
1.7419999999999998,1.244,0.2801079609589059,0.6260903222915438,xgb_avg_RMSE
9.51,3.0780000000000003,1.716496505693965,5.9618109876712735,xgb_avg_RMSE
24.824,1.931999999999999,2.8437678236382533,9.819013851614605,arima_avg_RMSE
36.224,1.37,10.870784568692846,21.75460498932691,arima_avg_RMSE
2.71,0.571999999999999,0.6561745138084467,1.5446796828678817,arima_avg_RMSE
13.11,0.99,2.0977133300453223,6.050447553934065,arima_avg_RMSE
5.786,0.457999999999999,0.8734106703041922,2.982824015130753,arima_avg_RMSE
5.626,1.684,1.4804710440390312,3.2022935683519647,xgb_avg_RMSE
5.398000000000001,0.8,2.3602934905852626,5.371614945997411,arima_avg_RMSE
15.38,0.496,6.807200947884255,15.24906860673282,arima_avg_RMSE
221.248,1.8559999999999999,52.341391386170265,142.74332953171893,arima_avg_RMSE
1.084,0.243999999999999,0.3203793468566267,0.7898820765963244,arima_avg_RMSE
1.1880000000000002,0.22599999999999998,0.4411984791532274,0.6601717970362198,arima_avg_RMSE
11.944,1.3860000000000001,2.264827329190646,6.951193880355059,arima_avg_RMSE
3.298,0.758,0.5636127942670935,1.5485839881753751,xgb_avg_RMSE
15.258,1.177999999999999,3.874565544215334,11.872594362248382,arima_avg_RMSE
5.462,0.22599999999999998,0.869982358258731,2.1074670477775914,arima_avg_RMSE
4.452,0.45999999999999996,1.0532640424640114,3.065327863320276,arima_avg_RMSE
3.798000000000001,4.596,0.8548281682493434,3.618809729307088,xgb_avg_RMSE
2.9319999999999995,1.452,1.0533286943293114,2.971063938009578,xgb_avg_RMSE
34.252,1.177999999999999,6.261086333624058,19.73086923045576,arima_avg_RMSE
7.606,0.6719999999999999,1.414844662299956,3.0832675537527257,arima_avg_RMSE
9.23,1.348,4.959696202657546,6.743317681710863,arima_avg_RMSE
4.708,0.22999999999999998,0.9452206536006518,2.1168024817693363,arima_avg_RMSE
27.308,0.527999999999999,7.051013187430743,17.83644314836679,arima_avg_RMSE
4.738,0.6379999999999999,1.0521596241683446,3.287707521037359,arima_avg_RMSE
3.168,1.266,0.5916214002970632,1.9165081478414083,xgb_avg_RMSE
4.7,5.860000000000001,0.6943960575965102,1.5133505869463502,xgb_avg_RMSE
1.6299999999999997,0.146,0.3044615524788662,0.9913705430722766,arima_avg_RMSE
2.326,1.3780000000000001,0.4743016362823481,1.1813105787890208,xgb_avg_RMSE
5.018,0.96,1.5429518002814326,2.814903073205286,arima_avg_RMSE
1.86,0.764,0.5588266378063256,1.567102578085883,xgb_avg_RMSE
3.678,0.6279999999999999,0.8406293664485267,2.274916707277137,arima_avg_RMSE
4.764,0.776,1.1815527982628633,2.677433824276911,arima_avg_RMSE
4.948,5.292,0.7043010179170653,2.550996307691609,xgb_avg_RMSE
14.29,0.249999999999999,3.810765511179945,7.056871985102367,arima_avg_RMSE
3.044,0.51,0.5445697799394247,2.57129998755915,arima_avg_RMSE
6.316000000000001,1.078,1.3658598463364635,4.466444809370717,arima_avg_RMSE
5.286,1.196,1.1644662338388132,2.7185483753048514,xgb_avg_RMSE
4.86,0.49,1.0910661868075044,1.871845152018113,arima_avg_RMSE
8.274,1.142,2.112136985668588,4.631105799956372,arima_avg_RMSE
4.682,0.31,1.1028377994821477,2.2556176041582416,arima_avg_RMSE
3.964,1.5459999999999998,0.7058273518196971,2.4440148897106,xgb_avg_RMSE
14.87,0.596,9.716665513918151,12.044313859220694,arima_avg_RMSE
24.456,0.46199999999999997,2.580781696619251,14.901406468201412,arima_avg_RMSE
8.559999999999999,0.256,1.295816122808936,4.582500325821988,arima_avg_RMSE
1.7920000000000005,3.35,0.2810562892330975,0.7920119885956665,xgb_avg_RMSE
4.772,0.438,1.3706575782733954,3.683364693451957,arima_avg_RMSE
14.784,1.5060000000000002,2.429466635086404,6.001327688537576,arima_avg_RMSE
8.120000000000001,1.3439999999999999,1.444300922327214,3.294760908761147,arima_avg_RMSE
9.32,1.3639999999999999,1.240442410984065,5.361280709642075,xgb_avg_RMSE
6.2620000000000005,0.498,1.7495464140323946,4.248219181404084,arima_avg_RMSE
19.914,0.77,4.323551592313686,8.499286121997402,arima_avg_RMSE
8.202000000000002,1.402,1.3124317967257384,3.7702104580999647,xgb_avg_RMSE
14.151999999999996,1.052,3.0524269122372223,6.759709623980721,arima_avg_RMSE
9.45,2.7179999999999986,2.491431111412552,6.2523852395378485,xgb_avg_RMSE
3.87,0.962,0.9244510750642128,1.5828641493963034,xgb_avg_RMSE
62.59799999999999,2.3499999999999996,17.16915400075029,32.09927187816622,arima_avg_RMSE
1.132,0.646,0.2379082127377963,0.6995505259839996,xgb_avg_RMSE
5.957999999999999,1.319999999999999,0.7928085872752336,3.1993359143503923,xgb_avg_RMSE
4.262,1.27,1.0939436198423234,2.2012636458090435,xgb_avg_RMSE
8.436,1.9500000000000002,1.7556584604150711,5.864689649727112,xgb_avg_RMSE
13.002,1.35,3.1880887663821738,12.7270509372898,arima_avg_RMSE
18.034,0.65,2.6502352594464877,9.338646243554672,arima_avg_RMSE
2.038,0.8300000000000001,0.3460706540004945,1.183812082700033,xgb_avg_RMSE
17.708000000000002,1.572,3.7651109490919614,13.388168304584816,arima_avg_RMSE
7.69,1.3159999999999998,1.7277539520522047,4.01466411698778,arima_avg_RMSE
3.764,2.604,1.022524080235059,2.527187534188568,xgb_avg_RMSE
4.556,1.1400000000000001,1.0906195853854217,2.415834778137499,xgb_avg_RMSE
8.154,1.104,1.2229689261790253,5.565298094856247,arima_avg_RMSE
12.366,1.024,4.221985507670595,14.425751286904273,arima_avg_RMSE
5.24,0.502,0.8595690909838737,2.3756832802143,arima_avg_RMSE
4.252000000000001,0.41200000000000003,1.179668072600028,2.645794808217818,arima_avg_RMSE
19.97,0.622,8.266398163944128,14.859579814734383,arima_avg_RMSE
2.802,1.774,0.7228298495467349,2.1494820461119666,xgb_avg_RMSE
13.144,0.732,1.8519275559209332,6.781391651776795,arima_avg_RMSE
5.973999999999999,1.26,2.7959666452133645,3.479478399666811,arima_avg_RMSE
4.88,0.424,1.4679194469995964,2.5340174562838778,arima_avg_RMSE
9.022,0.965999999999999,2.3523813354959566,7.127741470775884,arima_avg_RMSE
10.79,1.816,10.037361440662291,6.72237516885711,arima_avg_RMSE
2.3240000000000003,2.105999999999999,0.6111156015313133,1.1557479501334842,xgb_avg_RMSE
10.8,0.61,1.6864729152166635,3.785079027103437,arima_avg_RMSE
19.372,0.744,2.6958968355165203,9.551282139589526,arima_avg_RMSE
3.1060000000000003,1.124,0.595784209081318,1.924380491369525,xgb_avg_RMSE
7.681999999999999,1.3439999999999999,1.3745259678881931,7.348349676017898,arima_avg_RMSE
4.572,0.44999999999999996,1.150722233215495,2.5688475273890434,arima_avg_RMSE
5.74,0.71,1.5557634672854976,3.186694728759673,arima_avg_RMSE
6.908,0.758,1.0125466868844386,2.8447617924699293,arima_avg_RMSE
13.223999999999998,0.8400000000000001,2.064773350877874,7.174462297343934,arima_avg_RMSE
11.852,0.752,1.8337560506302304,5.831748701875202,arima_avg_RMSE
15.4,0.9520000000000001,1.7696785828304271,5.382887420205933,arima_avg_RMSE
3.27,0.742,0.5225179095322663,1.199289985163653,xgb_avg_RMSE
11.496,1.188,3.658255292104865,6.480573117015581,arima_avg_RMSE
4.228,2.343999999999999,0.6216799681886191,1.9378503094365385,xgb_avg_RMSE
0.926,2.282,0.1815927892531878,0.621050893460913,xgb_avg_RMSE
6.952,1.066,0.9408280116587798,1.8830250542728264,xgb_avg_RMSE
28.110000000000003,2.2559999999999993,5.722505626453139,19.81961260132301,arima_avg_RMSE
19.106,0.71,3.403720675184394,15.62002623127194,arima_avg_RMSE
5.854000000000001,2.408,1.5025998039952395,3.040827776823752,xgb_avg_RMSE
6.784000000000001,1.384,0.8782674794834149,4.358959065030441,xgb_avg_RMSE
7.542,1.188,1.026156249556704,3.09525879090038,xgb_avg_RMSE
2.702,1.764,0.5407041165688838,1.367215168057658,xgb_avg_RMSE
24.46,1.128,2.6218024788937044,12.320038015267189,arima_avg_RMSE
11.168,0.858,4.791304830179605,6.786683947772734,arima_avg_RMSE
3.188,1.25,1.5630537344696125,2.1098447622018104,arima_avg_RMSE
24.896,1.292,4.869361568299903,17.231586696269087,arima_avg_RMSE
6.434,1.1840000000000002,1.0856624799203645,2.251439739552977,xgb_avg_RMSE
3.398,0.846,0.9648116431449856,2.645490458205704,arima_avg_RMSE
8.592,0.328,1.3013108092977494,3.781559387096173,arima_avg_RMSE
5.916,1.3980000000000001,1.5108767642714258,1.9886003631893008,arima_avg_RMSE
12.272,0.6,1.5510308983760035,3.1730074240535115,arima_avg_RMSE
7.642,1.366,1.5079294974113864,3.300993088944298,arima_avg_RMSE
9.326,2.088,2.3070159653714013,4.255778070160585,arima_avg_RMSE
24.796000000000003,0.654,2.586689593388768,6.008832314402666,arima_avg_RMSE
7.0120000000000005,0.243999999999999,1.1060438605511556,2.626890125837748,arima_avg_RMSE
8.836000000000002,0.518,1.6359055816115575,5.686643198822319,arima_avg_RMSE
9.046,1.568,2.2410320779457797,5.015066234277255,arima_avg_RMSE
8.068,1.346,1.3660730729427375,4.741719454367271,arima_avg_RMSE
4.496,2.902,1.017953703173263,2.7773059232739383,xgb_avg_RMSE
27.828,1.02,3.1601597183791874,15.324896432523545,arima_avg_RMSE
7.965999999999999,0.282,1.3849833975647186,3.59607045631276,arima_avg_RMSE
2.26,1.214,0.5192924047409428,1.691851301566368,xgb_avg_RMSE
11.75,0.588,2.1631310620778352,5.890346240340412,arima_avg_RMSE
28.184000000000005,3.742,9.352695271984429,14.044944658787198,arima_avg_RMSE
23.774,3.723999999999999,4.552423076818949,11.139580972785245,arima_avg_RMSE
11.282,0.982,1.8523506525379052,5.85775378889912,arima_avg_RMSE
7.164,0.342,1.1646460478823648,4.2143833467239,arima_avg_RMSE
23.568,1.678,5.042403857739683,11.720831562408732,arima_avg_RMSE
2.622,2.239999999999999,0.5621475895190283,1.693587167500428,xgb_avg_RMSE
8.9,1.3780000000000001,2.4757363251311526,6.701647536876092,arima_avg_RMSE
6.756,0.6279999999999999,0.7431488497287351,2.402303406023816,arima_avg_RMSE
10.734,0.986,1.2774504319729236,3.230652708138062,arima_avg_RMSE
8.2,1.26,1.6520071447616431,5.153059474777758,arima_avg_RMSE
7.678,0.7000000000000001,1.3964036003810945,7.092821242849043,arima_avg_RMSE
10.522,0.6519999999999999,1.6321767913460985,6.254557572244117,arima_avg_RMSE
21.026,1.404,2.53186400117752,9.745943588100683,arima_avg_RMSE
4.68,0.546,0.888929402487093,3.4256289585328625,arima_avg_RMSE
3.406,0.77,0.4501870507203752,3.346560086505889,xgb_avg_RMSE
1.916,0.72,0.3699219359524427,0.896730347877955,xgb_avg_RMSE
7.762,1.096,1.2140681407753982,4.619733073495508,arima_avg_RMSE
16.136000000000003,1.096,2.867527777671426,7.138713022308975,arima_avg_RMSE
4.134,0.47,1.0479507852754868,2.3717203433515683,arima_avg_RMSE
2.606,0.5599999999999989,0.5933021885560188,1.298754443165064,arima_avg_RMSE
8.79,0.8019999999999999,1.6868114883346756,4.691355205126561,arima_avg_RMSE
3.026,2.3499999999999996,0.9556585351470112,1.819425008016309,xgb_avg_RMSE
4.846000000000001,0.474,0.5311934463080886,1.7609636977160004,arima_avg_RMSE
3.2840000000000003,1.584,0.6667604854696767,1.4835903299623714,xgb_avg_RMSE
12.672,0.551999999999999,2.3004409921694724,6.714196435018178,arima_avg_RMSE
4.772,1.25,1.1171568432952643,3.1385284605819,xgb_avg_RMSE
3.286,0.574,0.3912692832734857,1.3841854582019535,xgb_avg_RMSE
5.286,2.881999999999999,1.4885327912353492,4.781609222662107,xgb_avg_RMSE
2.812,0.558,0.5470039751985956,1.724589838850192,xgb_avg_RMSE
4.1125,0.407499999999999,1.116785969526852,2.8974140903141983,arima_avg_RMSE
1.04,1.31,0.3342564360898915,0.6091980674075864,xgb_avg_RMSE
2.6575,0.21250000000000002,0.5312335916478123,1.7586570384033289,arima_avg_RMSE
1.0875,0.557499999999999,0.3455761356081136,0.9399300135094572,xgb_avg_RMSE
3.135,0.39,0.7585228284816345,1.4845615694112329,arima_avg_RMSE
7.065,0.65,0.9253994280572856,3.104921034836358,arima_avg_RMSE
10.90333333333333,0.756666666666666,1.799311131162778,3.14571043602055,arima_avg_RMSE
3.37,2.67,1.190295495186793,3.1970272132947337,xgb_avg_RMSE
3.5866666666666664,0.54,0.8310912026789559,2.87286851364647,arima_avg_RMSE
1.8133333333333332,0.33,0.4885281951666346,1.5284927140653668,arima_avg_RMSE
1.7533333333333332,0.346666666666666,0.5433519558222326,1.5682436142446166,arima_avg_RMSE
43.120000000000005,5.17,7.954973515852042,21.650070116227564,arima_avg_RMSE
1.2466666666666668,1.493333333333333,0.451546556904246,0.6268142279345675,xgb_avg_RMSE
18.225,0.475,3.372885430515832,7.933112577969563,arima_avg_RMSE
8.76,0.61,1.5116085406422577,3.977238253619024,arima_avg_RMSE
1.745,2.445,1.031798418855618,1.2372830038197296,xgb_avg_RMSE
7.779999999999999,1.48,1.16770262731705,1.831954208223174,xgb_avg_RMSE
17.49,1.6700000000000002,1.9659994012745112,8.541634572962831,arima_avg_RMSE
7.96,1.7199999999999998,1.359106088701529,8.539387684569533,xgb_avg_RMSE
0.68,0.7000000000000001,0.6611668218185582,0.3526459879108181,lstm_avg_RMSE
