,n_estimators,max_depth,learning_rate,RMSE Avg.,RMSE Std.,MAPE Avg.,MAPE Std.,Accuracy
MMM,500,3,0.01,2.1112389881156455,1.4085183885974892,0.014126730304445428,0.010383208129545043,0.6
AOS,50,3,0.2,0.8183445190209058,0.2924023365739114,0.015373474820439737,0.00917331452748605,0.52
ABT,50,8,0.3,0.9330798130368547,0.39009423814615324,0.012601038345194156,0.011203815204848113,0.68
ABBV,100,3,0.1,1.2641110199302532,0.5785865835695089,0.0159794455348932,0.009622309332867169,0.32
ACN,100,8,0.3,3.2080874859756094,2.0990117548211393,0.013594595089535717,0.005799645077404066,0.6
ATVI,100,3,0.1,1.1505777525927239,0.44588434062522575,0.02136711726479932,0.011798597607397942,0.68
ADM,50,4,0.3,0.5184808901317073,0.1907760275812384,0.00998622568809108,0.006635978689012614,0.56
ADBE,50,5,0.2,9.649370160897858,8.67343631597227,0.022680055565480736,0.0075495439154209375,0.52
ADP,500,3,0.01,1.8566473797413667,0.7053295211406201,0.014500644654477271,0.014003156972804447,0.56
AES,100,8,0.1,0.2690850828813164,0.101135425580904,0.01665139680432296,0.006721103686574874,0.56
AFL,200,8,0.1,0.6450240123812213,0.3166260991408248,0.01263249622946525,0.008925339631345093,0.6
A,500,3,0.1,2.947717227760379,3.13433160981226,0.02692175693377997,0.01441596688685741,0.28
ABNB,200,3,0.01,3.3728854305158316,1.1797270522260779,0.022349259128819243,0.006698633088423531,0.6
APD,500,3,0.01,1.8131887494648287,0.6609700378792918,0.0075645910383057135,0.003108305251285875,0.64
AKAM,50,5,0.2,0.8706815928019582,0.41635353625381444,0.01025738360831879,0.006296994106523838,0.64
ALK,500,3,0.01,1.265794125615407,0.3115619714583328,0.017734204028642075,0.0018956897378852357,0.44
ALB,100,8,0.1,3.7670453573057143,1.6477866545797228,0.05410716845397916,0.051836119766137605,0.56
ARE,50,4,0.2,1.1955791782180119,0.6178014320719782,0.009494621368939854,0.006935214246547054,0.64
ALGN,200,3,0.3,4.841778649365873,3.5042106280850303,0.015403268527774034,0.002239006277306574,0.68
ALLE,500,4,0.3,1.4527657169343298,0.47697335566157884,0.013605800591554407,0.005597713453139363,0.36
LNT,500,3,0.1,0.5305975653655022,0.1509537105849264,0.012601816527468515,0.007190763623430242,0.44
ALL,50,3,0.2,1.4240786617661723,0.4357246680582797,0.014387855145214007,0.004377229362566077,0.52
GOOGL,100,8,0.1,1.8931122475102846,1.4759190857707511,0.019589165603381496,0.009120163741666416,0.48
GOOG,50,3,0.3,1.7337553337140772,1.2337881111824118,0.01849074133380413,0.008471728191416372,0.44
MO,50,3,0.1,0.4973238956559789,0.28113332291122917,0.011841817087695345,0.007218733779461049,0.52
AMZN,50,3,0.2,1.3224537575693711,0.4364319331401366,0.018089804594972655,0.013321294108468357,0.68
AMCR,500,3,0.2,0.2517462681077327,0.11807018264953248,0.02215752950143594,0.009523656733854144,0.6
AMD,50,3,0.2,2.048308200375967,1.9052629617066354,0.029774779124298472,0.007874086378221798,0.6
AEE,50,3,0.1,0.7731473154289157,0.3327430993660487,0.012514989908421852,0.008181377252435338,0.52
AAL,50,3,0.3,0.9867945728516228,0.5622133640740481,0.029731002772739695,0.018468488492180378,0.6
AEP,100,3,0.3,0.8355282700300235,0.23489847061577818,0.011465814587171056,0.006249830987631889,0.48
AXP,50,3,0.1,1.4646983657869233,0.7915662227714764,0.009977576895238184,0.005265057476962506,0.56
AIG,50,5,0.3,0.7572313750013733,0.6592799450862666,0.013431057798564914,0.012567908893283618,0.68
AMT,100,8,0.2,2.9572112423459718,0.3517456691920744,0.017453003555622786,0.006835307918506737,0.44
AWK,200,3,0.2,1.4673604194440315,0.5820891657224082,0.012259074634419978,0.00352643487645208,0.48
AMP,500,5,0.01,2.576255098278142,0.9370560881178693,0.014198580270062416,0.005216289802695587,0.48
AME,50,3,0.2,0.9778901362427324,0.5611415387967428,0.010121768584982151,0.008433924043860596,0.64
AMGN,50,3,0.1,3.1371303866236113,1.8526047248221142,0.01659653988381999,0.011719331737345967,0.44
APH,100,4,0.2,0.975200408562445,0.4438375336493302,0.017980007490567995,0.007852402981408753,0.44
ADI,50,8,0.1,1.9282078311255355,0.5592711276777551,0.01828151234838492,0.011527977273958562,0.52
ANSS,500,4,0.1,2.907888431016061,1.0533753764326836,0.012681967112885861,0.007388698050205099,0.8
AON,100,3,0.2,2.5223851268628508,1.3587123581491392,0.013162583506210324,0.00910697800857033,0.52
APA,50,8,0.3,1.440093477319574,1.5097649033358032,0.04371456033023292,0.03995732698678797,0.52
AAPL,500,4,0.3,1.3502460485465082,0.5812739065277863,0.019526060724342188,0.009148241227272461,0.6
AMAT,500,8,0.01,1.0459932945384016,0.5584263437132583,0.01847267751466829,0.013446251215108286,0.6
APTV,50,4,0.2,1.615626299722183,0.26478346054792273,0.015176535251488885,0.004019315639820012,0.48
ACGL,50,4,0.2,0.44415628992702727,0.18513430581208515,0.009741939635705379,0.005204580797726084,0.48
ANET,200,3,0.1,2.768527983094989,2.828411753469868,0.024602618976929655,0.009930687512549346,0.56
AJG,500,3,0.3,1.63026403396488,1.231045149689363,0.013070997773610937,0.004249018478461845,0.48
AIZ,200,4,0.2,2.068364411342871,0.7878585615908451,0.015787815251721776,0.006030660716695127,0.6
T,50,3,0.3,0.1815927892531878,0.07377253863190533,0.009677365979417646,0.005625590787527639,0.4
ATO,500,4,0.1,0.6103053864291086,0.23168175044294906,0.007221888571818991,0.004373037021274522,0.56
ADSK,100,8,0.2,4.831265170717816,3.879600630982518,0.02323602354016526,0.00917951796238905,0.52
AZO,100,3,0.2,16.70474735838759,4.09965785388918,0.01341689988378629,0.005671250788882362,0.48
AVB,200,3,0.1,1.5249852799662982,0.8976613502214685,0.008251866890981424,0.006609658665666752,0.64
AVY,100,8,0.3,2.2383510071773633,1.462134368046102,0.015517370390126975,0.007236498766904138,0.64
AXON,50,4,0.2,1.8142118605136541,1.0259538563872006,0.022377209636595934,0.01484180938641632,0.44
BKR,500,4,0.1,0.6897954887540881,0.5533184014560505,0.022275348355523073,0.016736426479990848,0.52
BALL,50,8,0.3,0.5725668844808501,0.20765375636006914,0.009413627896342244,0.00622684528098775,0.6
BAC,50,4,0.3,0.34598894689322746,0.058086460431575025,0.013167073810471478,0.005428019036161862,0.64
BBWI,50,3,0.3,2.1778856247958176,1.2861195069859113,0.07402831518171486,0.06373753531750996,0.36
BAX,50,4,0.2,0.6790230156124722,0.2620469798138607,0.009836934038963236,0.0017704059027390253,0.4
BDX,50,5,0.3,2.5250668974980455,1.0202704309205264,0.010474894636592274,0.004283901220204362,0.56
WRB,50,3,0.2,0.5470039751985956,0.2075783346603357,0.012920371628130903,0.007919501564620422,0.56
BBY,200,3,0.3,2.287627132147125,1.5160567241273883,0.029561624872425456,0.013727114530357359,0.44
BIO,50,3,0.3,6.823222965005411,5.892254953864915,0.013520164251407863,0.005865086255268877,0.6
TECH,500,3,0.1,1.5025998039952397,1.0592206886448263,0.02160242279370068,0.006920963043798749,0.4
BIIB,200,4,0.1,5.215480749114741,3.0853725862221077,0.015955981065090514,0.009750883010238444,0.56
BLK,100,8,0.3,8.984691453521442,4.071364822429325,0.01573000774185795,0.004457593081810567,0.36
BX,50,3,0.2,1.4559401619651287,1.2813105075473266,0.02185262618108499,0.011318443353892179,0.28
BK,100,3,0.2,0.918543287786299,0.31276061663731425,0.020699493322450503,0.008173445093326964,0.4
BA,50,3,0.2,4.9242533457352735,2.711749126248114,0.019625849842355603,0.005816904364343699,0.36
BKNG,100,3,0.1,44.960823762410584,24.258890359547227,0.01759565374555337,0.006730454045188215,0.44
BWA,100,8,0.2,0.5998803270014422,0.3258701984689494,0.014737953964426245,0.01026851811224958,0.64
BXP,500,8,0.01,1.403276007312503,0.8884174780319871,0.014362970139868944,0.009407990917342124,0.64
BSX,50,3,0.1,0.729579723328262,0.36005406832331377,0.01830449947586078,0.012984267633859306,0.4
BMY,200,3,0.1,0.688677968311841,0.29507893195670903,0.011533184265456232,0.006420598550691277,0.68
AVGO,50,4,0.2,7.346882341430415,4.314042134285487,0.021436290651557752,0.012212567157913115,0.52
BR,500,3,0.2,1.7359097398052978,0.9078269244040776,0.014405167587059415,0.003977525657125235,0.36
BRO,500,3,0.3,0.6968096324564547,0.4480480166674188,0.016316054873511034,0.007124563230760738,0.52
BG,500,4,0.01,1.2666712784385015,0.6453071217152606,0.016694489073386484,0.01136810702293343,0.52
CHRW,50,3,0.1,0.9484568731808082,0.2898015364959257,0.011882592184470407,0.0062305996111540725,0.52
CDNS,100,8,0.2,2.696547901469092,2.571755906135277,0.022455730838190503,0.012103080774465456,0.48
CZR,100,5,0.2,1.8839093197490553,1.5910187721216587,0.034159542473132395,0.030559341560749687,0.48
CPT,500,3,0.01,1.1126342987904445,0.37160896473145133,0.01073482080571126,0.005346605563326627,0.64
CPB,500,4,0.01,0.7862285591369098,0.29321095028053185,0.01758493999683915,0.006390767821975579,0.16
COF,50,3,0.1,1.9604517702330635,0.9759625747989303,0.016041258364789084,0.00801926223455368,0.44
CAH,200,8,0.2,1.219241672221452,0.5412517575456616,0.017707451008052523,0.006085143465733544,0.56
KMX,100,5,0.3,1.3198192381783358,0.47919586349089427,0.015010182836090772,0.006740511293759635,0.48
CCL,50,8,0.3,0.8124768861898775,0.26128403920279497,0.021291638559128866,0.00589299199240114,0.56
CARR,500,4,0.1,1.5116085406422575,0.7168012193455481,0.028734642901514097,0.012908977369500045,0.64
CTLT,500,3,0.1,0.9481530372441631,0.6681942223709301,0.013584108241828046,0.007392757093445894,0.6
CBOE,100,4,0.2,1.5569032538190972,0.6953210647232527,0.012191602552341646,0.006442906615446379,0.64
CBRE,100,5,0.2,1.1525871148191107,0.32357795279793244,0.018454558356309075,0.008837748081680488,0.4
CDW,50,8,0.2,1.6354733575823013,0.8728441704703563,0.014172493116882104,0.007133435624115099,0.4
CE,50,8,0.3,1.8255697736171559,0.9816467238198833,0.017241263452252662,0.009741793650572365,0.6
COR,500,3,0.01,1.7857167347131124,0.6276230822101144,0.015820537478081802,0.006439334539209543,0.36
CNC,200,8,0.1,0.8425835735985023,0.1842064693970502,0.015561762848053839,0.006582528879291316,0.6
CNP,200,3,0.1,0.340890621274046,0.13755634475034403,0.013691846020889537,0.007323162745033878,0.56
CDAY,100,3,0.3,1.7993111311627779,1.1303272935371322,0.022881604621367256,0.012995982077994076,0.64
CF,500,4,0.01,1.047812537682142,0.7098510823047252,0.017302736514905888,0.008827595991395655,0.6
CRL,100,5,0.1,5.343868444065428,4.285651180633558,0.027169482312999295,0.01185669345056184,0.32
SCHW,500,3,0.2,1.179668072600028,0.6420927337411896,0.0241326103106269,0.01464720418002071,0.4
CHTR,200,3,0.3,8.619072797402527,5.43364505585683,0.01743645326220387,0.004718702770443734,0.6
CVX,500,4,0.3,1.6777843620514574,1.4497167660316344,0.020584052780110655,0.02684571650142288,0.56
CMG,500,3,0.3,20.627698020450186,6.069208161124733,0.0222785703284226,0.012368963311654818,0.48
CB,50,3,0.3,1.7450480545667744,0.7563328506350023,0.01144556018345907,0.006100606746299971,0.56
CHD,500,3,0.01,0.8903731085233986,0.3847002328759362,0.010943525945582021,0.004602793428765435,0.44
CI,200,3,0.3,3.0359180106296253,0.9791876564877983,0.015056308506567296,0.007528463026817923,0.52
CINF,50,3,0.3,1.5867241757876163,0.9009653087304074,0.017109689784063093,0.008306973267779329,0.52
CTAS,200,3,0.1,2.956006152546215,2.2194251877422704,0.010701998822737719,0.006996396389792542,0.6
CSCO,200,4,0.1,1.0981061871364743,1.0811796202157398,0.02394322929923982,0.018755224377240996,0.48
C,50,3,0.3,0.8292770437349807,0.2908947515763778,0.014587699453473999,0.007598401448704391,0.72
CFG,500,3,0.01,0.5059266758334797,0.14385856664243588,0.014845995164392375,0.00438543385833883,0.64
CLX,50,3,0.1,1.9220475408634496,0.9400016367871208,0.01330671232089961,0.009553486733976883,0.44
CME,100,8,0.1,1.7737240585739393,0.5699091288560314,0.011340609195661955,0.0041228041957162,0.6
CMS,200,8,0.1,0.5382976475014315,0.19567122092533892,0.01062798487100217,0.0035322091991558504,0.6
KO,200,3,0.1,0.3771953444909288,0.16864928991597558,0.0076186548402205154,0.004724112328470894,0.6
CTSH,100,3,0.3,0.8998044713250586,0.49461198808787576,0.012701433199836173,0.008284670287228466,0.4
CL,500,4,0.01,0.6592938476100363,0.46939976432468467,0.009519267401013633,0.00782084968445821,0.52
CMCSA,50,5,0.2,0.625768259397541,0.3422282562500737,0.013103253308803565,0.006288590714028208,0.6
CMA,50,3,0.2,1.1224123165524724,0.3906841954782267,0.022268673395761513,0.011262156728779268,0.44
CAG,200,4,0.01,0.4585285865685849,0.13311763119874118,0.013257380373619157,0.005502577417809276,0.6
COP,50,4,0.3,1.4521117254944103,0.8359525506967885,0.02878522167327415,0.026649504449817597,0.44
ED,500,3,0.1,0.7062259158512376,0.2668331311056921,0.009350474780539745,0.004860495582021225,0.52
STZ,100,3,0.1,2.064773350877874,0.9170441719211821,0.009719110570924585,0.005385825495848692,0.56
CEG,100,4,0.3,1.9659994012745112,0.9267563596806674,0.020709210925418928,0.011325565177474626,0.52
COO,100,3,0.1,5.299727081879625,4.426247091838972,0.014954697026730749,0.009317517454186434,0.52
CPRT,100,3,0.2,0.39638319206116035,0.36323934746378206,0.013218023723421896,0.005319036872128471,0.6
GLW,50,3,0.1,0.3137439417301181,0.07778615434181824,0.012381686775413491,0.007402558954265945,0.6
CTVA,500,8,0.1,1.190295495186793,0.4718605014269856,0.024370194325055675,0.009080559967256967,0.48
CSGP,50,3,0.3,0.6445910798037305,0.16839353588328357,0.013350992209441137,0.008197580459921928,0.72
COST,500,3,0.2,6.130321470221413,3.145603333358917,0.02017033367319815,0.010657944167270407,0.44
CTRA,500,3,0.01,0.7058799847834952,1.0222061327618381,0.03726279884293944,0.05895592630836429,0.72
CCI,100,5,0.3,2.011491961850169,0.701600893047714,0.01886270875568507,0.0073495970160132075,0.4
CSX,100,3,0.1,0.2577860503338074,0.03758821287950742,0.014158835286562258,0.009716294569293724,0.6
CMI,50,4,0.1,2.3262447346184922,1.1093129505772605,0.014866813292754247,0.011796233909428461,0.4
CVS,50,3,0.3,1.0376532196864912,0.4997328406787437,0.012537938202433202,0.005900916833085066,0.52
DHI,500,3,0.01,0.8552388910423367,0.3897455546512943,0.012900923461552777,0.007470268376670704,0.48
DHR,200,5,0.1,1.8555809511894104,0.7715003283637158,0.011576779930051191,0.006595729594912372,0.68
DRI,500,4,0.2,2.0799786814342123,1.2257668760383282,0.017024473026644282,0.005411468121127972,0.64
DVA,100,3,0.3,0.9758166235807112,0.35854722795990623,0.011193671576185357,0.0067510750787291175,0.56
DE,50,3,0.1,4.0324675028809125,2.82650971191461,0.015706793305228617,0.0069567612792927214,0.6
DAL,50,3,0.1,0.7992090608865168,0.24539689390685412,0.015953658088267444,0.006356576620738993,0.56
XRAY,500,3,0.01,0.7054419331910792,0.3811160939501651,0.012220789860518368,0.006212086258466691,0.64
DVN,200,8,0.1,0.9449378182881063,0.6573302952049775,0.033285145305861394,0.021789802136568177,0.48
DXCM,100,3,0.1,1.4919416298493242,0.7442869937372256,0.022493405298259755,0.010449800859139338,0.52
FANG,200,3,0.2,1.6513399298690892,0.8085727059062819,0.021281744264839655,0.013351705881512847,0.4
DLR,100,3,0.2,1.304551171407701,0.367248772860966,0.01250422078015242,0.005441199007299592,0.72
DFS,50,3,0.2,1.4533077262550984,0.8477806833692864,0.016373532458940177,0.009894603738231984,0.68
DIS,500,4,0.01,2.2041538184158003,1.024146798311122,0.019042833132215057,0.013546535230270407,0.64
DG,50,8,0.2,2.652428064440901,1.1970351632914722,0.018077248344216208,0.0051753266335599415,0.6
DLTR,50,4,0.3,3.994191674545148,2.68443326675548,0.027776736630440068,0.009140541987486773,0.56
D,100,4,0.1,0.5693690980442196,0.1633361909075675,0.007651655081258486,0.0019216765543745276,0.6
DPZ,200,5,0.01,4.545694624200863,1.371406974773964,0.018423394260699187,0.00961455985080153,0.6
DOV,50,8,0.2,1.82146206972499,1.0645390610771948,0.025896409149324645,0.03298907188210477,0.56
DOW,50,3,0.2,0.8310912026789559,0.302346966571913,0.014952165148625273,0.006606913064261017,0.6
DTE,200,8,0.2,0.9361461575588189,0.328858511913974,0.010538261380350928,0.006077864663649585,0.68
DUK,50,3,0.3,0.9319450693178245,0.3469991073942389,0.011988966408037972,0.006482091667508283,0.52
DD,100,3,0.1,1.087622633847816,0.5524090784641875,0.01642347980915146,0.012639342844928781,0.56
DXC,500,3,0.1,1.25831440887699,1.1988187580283602,0.030060965036653765,0.02806586073851265,0.6
EMN,100,4,0.2,1.5683054687388729,0.7711993678156804,0.021512006648446463,0.016114909271275023,0.4
ETN,100,3,0.3,2.1622291087301564,1.893844453339777,0.01752236263574201,0.013731460106893701,0.72
EBAY,50,3,0.1,1.0864727910353797,1.089649846035337,0.02024345717235603,0.01239388238548032,0.56
ECL,500,4,0.1,1.4133164349345493,0.560033024327726,0.007728057721057303,0.004891484396053608,0.72
EIX,50,4,0.2,0.7233392547791566,0.2698849131492393,0.010708998530053864,0.005844286161226379,0.6
EW,50,5,0.3,0.8797165409536454,0.44322301791613083,0.011692294742389786,0.003976624764584708,0.6
EA,200,3,0.3,1.4229870018477222,0.5125438568575852,0.012033664288253077,0.005908390713815356,0.68
ELV,50,5,0.2,3.5927487828162397,1.2402488423678544,0.012937551969197918,0.0060872541732661855,0.52
LLY,500,3,0.3,5.008307705302551,5.617395453588604,0.01851371529943503,0.008759610618784589,0.44
EMR,100,8,0.2,1.1606029217940113,0.6834224059109203,0.01994345776584071,0.019312222602248748,0.48
ENPH,100,4,0.3,2.3063238135535378,2.211442464584141,0.049152973668420044,0.03418694223826639,0.52
ETR,200,3,0.1,1.0825486391001227,0.4894711250458471,0.011690305292867539,0.007826513179459335,0.72
EOG,100,3,0.2,2.299304481949719,1.6974723604478426,0.03344044621908613,0.027411634167993155,0.6
EPAM,50,4,0.3,5.817134318823301,5.42341419165694,0.018348871787102896,0.007876757389921111,0.64
EQT,500,5,0.2,0.8768019450469012,0.6707617103860415,0.05114633745334481,0.06840581252772242,0.48
EFX,200,5,0.2,2.0362372360295655,0.5580668444194227,0.011883249022661536,0.006272440758612691,0.68
EQIX,200,4,0.2,10.15024649018112,3.148117228686677,0.02062021900060663,0.009452942744833485,0.6
EQR,50,8,0.3,0.7902841940708585,0.3789556095071773,0.01215185805989372,0.007223648243234365,0.6
ESS,200,8,0.1,3.2804745900807277,1.2590409656686774,0.013530082133510002,0.00773251838439846,0.48
EL,500,8,0.3,5.854860967858654,3.5251793259074633,0.02997267429816273,0.012466259572103214,0.52
ETSY,500,3,0.3,2.6967645022840045,1.5036847570341378,0.034200551294312334,0.013414967608324167,0.4
EG,100,5,0.1,3.985552315175242,0.9678345230024938,0.013663835775421282,0.004791532947176895,0.52
EVRG,200,8,0.1,0.4295988078451785,0.24330044067059461,0.009439454953588758,0.00921744553802848,0.56
ES,200,4,0.3,0.9535666498196683,0.31461114483336167,0.01466214876027241,0.005927513402754492,0.52
EXC,100,3,0.2,0.4314688897731317,0.16252587297329188,0.01362265350187827,0.006414027887016504,0.6
EXPE,50,3,0.1,2.887154094579897,1.350838007633134,0.019957986592655602,0.010762680159078677,0.64
EXPD,100,4,0.1,0.7185300517076778,0.28601537557730905,0.00915508637478806,0.005897596344144898,0.6
EXR,500,8,0.1,1.479274515609665,1.3983108010569938,0.01270936143373944,0.009733823993036624,0.64
XOM,100,3,0.3,1.216330755605513,0.8012361763714506,0.01599753415235369,0.01317536418280437,0.68
FFIV,50,3,0.2,2.2338765811396923,0.8115053418391754,0.013414077926419549,0.006011933266283001,0.64
FDS,100,3,0.1,4.4075397271265055,1.707594639016582,0.014139973607654621,0.004563635012389056,0.56
FICO,200,4,0.2,4.607799595831053,2.7183312755587967,0.012060578894000666,0.005608782944017889,0.64
FAST,100,3,0.2,0.4726634881465456,0.20733761675649953,0.017445471844246073,0.017342848278066834,0.52
FRT,50,3,0.1,1.424339918426027,0.8556278829854534,0.011952670015240655,0.007922124923441125,0.56
FDX,50,4,0.1,3.3578622921958194,1.5729505681510114,0.01783750509651297,0.012449596930948013,0.4
FITB,50,3,0.2,0.44729747060027253,0.15336152147719043,0.01728970006273774,0.010811802055135735,0.48
FSLR,500,3,0.1,1.5695672501840565,1.2234040900672398,0.013999085903873568,0.0033492905189432113,0.68
FE,50,8,0.2,0.29016288843202676,0.14122355622621993,0.00843912348004921,0.005827245707594823,0.56
FIS,100,8,0.2,1.4437782651946705,0.8024825181375737,0.014294630263291728,0.008120104927871075,0.68
FI,50,3,0.2,2.166451074824656,1.7056175988297275,0.021544036897091653,0.01586493658488882,0.48
FLT,100,3,0.2,3.1663907319242326,1.6053656891447612,0.01273226883239742,0.006644293829175343,0.56
FMC,500,3,0.1,1.3870655130477756,0.7283043551581528,0.02602746451767176,0.028730699546941317,0.56
F,50,3,0.1,0.14430101007696097,0.08764902124505705,0.012419362464936976,0.008003817670646908,0.68
FTNT,500,3,0.2,0.597566827239545,0.38307720284173474,0.018483373568491272,0.010329828981198975,0.56
FTV,500,4,0.2,1.116785969526852,0.21687203854408096,0.01450818855642702,0.0046839462399423624,0.72
FOXA,500,3,0.01,0.5433519558222326,0.1479950006428505,0.013496144897539841,0.005182971361792044,0.6
FOX,50,5,0.1,0.48852819516663465,0.1486393128367721,0.013885972721697542,0.006497616441749381,0.6
BEN,200,5,0.2,0.7528685420038924,0.41476067406764017,0.025463765014719798,0.01507507907511851,0.56
FCX,100,3,0.1,0.6955890161899198,0.3911803764149751,0.048647606209051494,0.049280631178023344,0.44
GRMN,100,3,0.1,2.143548742443931,2.235002971356807,0.024739508786573647,0.017345482415004422,0.4
IT,50,4,0.2,2.4146131196779983,1.379684664413048,0.012557364898994876,0.009474817322664801,0.44
GEHC,500,8,0.01,1.359106088701529,0.8100669864001542,0.015198108593036247,0.00941454010501181,0.56
GEN,50,5,0.1,0.16399981598489916,0.05082849888076535,0.009501360431231015,0.005791392869454353,0.72
GNRC,50,5,0.3,3.0205734234130883,2.4262628489040114,0.02338955024598008,0.005437988245305478,0.36
GD,50,3,0.3,1.7256684967118552,0.6251872988759807,0.00863298246748682,0.004536626064183125,0.4
GE,50,5,0.2,1.5290558396337033,0.7663615339902133,0.014580088349107994,0.008879003670677644,0.76
GIS,100,3,0.1,0.8399563840291024,0.2082320621932031,0.014982125237356115,0.004923233044500721,0.36
GM,100,8,0.1,0.9457082145530029,0.5837131988298151,0.025349570377604148,0.016703716560928707,0.48
GPC,50,3,0.1,1.0686738830512177,0.421488037833965,0.010141600998613729,0.006864935733276003,0.68
GILD,100,3,0.1,0.9241712825139358,0.645840713226421,0.011514975391347345,0.006948347405926765,0.6
GL,50,4,0.1,0.9267311024493926,0.45253108358976873,0.011687352322465485,0.008732701587733089,0.44
GPN,500,4,0.1,1.5733729292265695,0.8284795197536096,0.012333968101753605,0.008244808057281125,0.8
GS,200,3,0.2,4.028029715791911,1.7377347458665435,0.014226683035723331,0.006702883755789234,0.44
HAL,200,3,0.3,1.0417047888418796,0.8815138745376038,0.0361724238925891,0.026566978044957282,0.44
HIG,50,4,0.3,0.6519150977828987,0.1605194784601458,0.01034037763202002,0.004926643166874317,0.56
HAS,50,3,0.2,2.255479900726422,0.9866928905356149,0.02382235108235761,0.01043693082144233,0.48
HCA,200,8,0.1,2.4815391882323303,1.3329707151250239,0.014148681453980785,0.007263446615462547,0.6
PEAK,200,3,0.1,0.3044615524788662,0.18373509149489078,0.010526281882919843,0.006531458534066388,0.44
HSIC,500,8,0.01,0.7062754270467964,0.30244300521813466,0.009097386964353759,0.005983943608283643,0.68
HSY,50,5,0.2,2.013240712355145,0.8403267899243575,0.013748659692708384,0.008464846752400175,0.44
HES,100,3,0.1,2.098787806582257,1.1973846201538645,0.03169076206982096,0.025844031820888586,0.52
HPE,500,3,0.2,0.33425643608989153,0.23698090974373787,0.020906712588405766,0.015044659737896964,0.48
HLT,200,5,0.2,1.5981990569355289,0.718727792819205,0.013865668881662727,0.004858419477515355,0.64
HOLX,100,8,0.1,0.6100072804326162,0.1896259471420508,0.008397959159668403,0.0015136297511240276,0.76
HD,500,3,0.2,2.7225681800954113,0.8710763558034273,0.013510664852580595,0.008111441223730706,0.44
HON,50,3,0.3,1.847865912941332,1.3080501124349726,0.01190586606804328,0.010369570205056442,0.64
HRL,100,3,0.2,0.6513339034381846,0.28112997033145615,0.016745256439027655,0.00974910004961207,0.56
HST,50,3,0.3,0.2747633995439955,0.10189311852312988,0.017153007150617048,0.007260874799783064,0.68
HWM,500,3,0.01,0.5312335916478123,0.19990193382536353,0.01316368673689596,0.0063899949469846335,0.72
HPQ,100,3,0.2,0.3631860055252538,0.12849068282765055,0.01916867234700447,0.011627214946793758,0.68
HUM,50,3,0.3,5.012572561601704,2.044993193461277,0.015158026132074547,0.007240909948737647,0.36
HBAN,50,3,0.1,0.21033020945425207,0.06401730784009783,0.016776720526063823,0.0076452204831062055,0.56
HII,500,3,0.01,2.0702857237043952,0.8090396027135688,0.011569230302681434,0.007726669684448788,0.52
IBM,50,3,0.2,1.832520199002881,1.0750959640886812,0.014393529861154598,0.010024583761729846,0.44
IEX,500,3,0.2,1.603577115451749,0.6895908679630852,0.009637651771360722,0.00416009723094428,0.44
IDXX,500,3,0.01,5.07780822072611,3.523853965123026,0.014706099503488501,0.007944619174803443,0.68
ITW,100,4,0.2,1.579246940207186,0.8052274779958933,0.009905873461396496,0.005744857945677685,0.52
ILMN,50,8,0.3,7.562605971477884,3.7718856671770364,0.027873444645542304,0.013370181454965338,0.48
INCY,500,3,0.2,2.0694852895327687,1.9394199664377263,0.019065417575146702,0.01694624236361886,0.52
IR,200,5,0.3,0.7585228284816345,0.41636835405372286,0.014438082696053605,0.0037226990352150226,0.44
PODD,100,3,0.3,9.716665513918153,7.785500259988645,0.05978171576078012,0.03639593908195237,0.4
INTC,50,8,0.3,0.5446045831319049,0.23165200020000967,0.014074005994218828,0.008539383381526489,0.68
ICE,100,5,0.1,0.9620268171213242,0.3804405217456847,0.011406185331284732,0.007082707736351102,0.6
IFF,200,3,0.1,2.4243303542069046,1.3823697380173279,0.025857603809490405,0.01842708857965268,0.44
IP,50,8,0.2,0.614684748234708,0.1535053160653362,0.015125580935099239,0.005723049719469373,0.48
IPG,50,3,0.3,0.33633633819586917,0.12178903397852271,0.013314821147305844,0.008041150624266772,0.64
INTU,50,3,0.1,8.829464120335356,7.009475277400546,0.024282481413489022,0.011966008111096342,0.56
ISRG,100,3,0.2,3.995800852892615,2.5777489762773924,0.016140726041954108,0.003499419405870942,0.52
IVZ,100,5,0.2,0.35361830696120633,0.2522126996973671,0.015129174762989977,0.009633633058462293,0.72
INVH,200,3,0.1,0.3455761356081136,0.22462374596484894,0.009599592508774818,0.0052848820773726555,0.64
IQV,50,3,0.3,3.0636846833191145,1.7860863436900474,0.02018779037536218,0.012656580678380349,0.44
IRM,50,3,0.2,0.4928494656327322,0.3068060373497175,0.014192702311761497,0.008009407999451294,0.64
JBHT,100,3,0.1,1.4751706963105788,0.4018428838804636,0.010168783927312902,0.004388430100807415,0.56
JKHY,50,4,0.1,1.7723069374355567,1.0164435933784914,0.012439849139524825,0.006684827142724812,0.56
J,100,3,0.2,1.0179691757332896,0.34581850958982385,0.013591994704233746,0.010472720867842296,0.6
JNJ,50,4,0.1,1.5260714063578327,0.3772402465094114,0.01137054306527888,0.0057964404167493095,0.48
JCI,100,5,0.1,0.6699593194279515,0.5536006235364527,0.011862781684827167,0.008091182916315142,0.64
JPM,500,4,0.1,1.4545301327306566,0.6352139400952399,0.013175269988743406,0.009391064239612251,0.6
JNPR,100,4,0.3,0.4321609834276215,0.15618853227695043,0.016875913186894277,0.006157909571306622,0.48
K,50,3,0.1,0.7738831637246713,0.21802746900777786,0.012116631387555418,0.003649983949301212,0.32
KVUE,50,3,0.01,0.6611668218185582,0.15349971401223625,0.024622957375119423,0.007935612118077636,0.52
KDP,500,3,0.01,0.23461907190992246,0.13156161930563343,0.009799752396034258,0.005106277834950488,0.4
KEY,50,3,0.3,0.26109386516619704,0.14678548383804574,0.019135344252880233,0.012650070878994777,0.6
KEYS,50,3,0.2,2.6694858450140915,2.508418519909277,0.017643744795066613,0.01000518804018553,0.56
KMB,50,3,0.2,1.233399982726039,0.5699831568559368,0.010126119409070078,0.006989742617165126,0.6
KIM,100,4,0.1,0.32388726876719415,0.13511224619052797,0.0176233691785728,0.0091289106164612,0.52
KMI,500,3,0.01,0.24249358066646393,0.18268958884006023,0.011558559803114174,0.007014794971628408,0.72
KLAC,200,3,0.3,3.3810159577405114,2.774178302623624,0.014505635848421244,0.00547749133452862,0.56
KHC,50,4,0.1,0.6409509599476086,0.39302295642065005,0.013905630218189413,0.0071803043678801024,0.4
KR,500,3,0.3,0.6163645319212832,0.21151668673370294,0.01965315387636991,0.00974846085090826,0.56
LHX,200,4,0.2,1.3482126589607186,0.29686876271130164,0.00921357668898794,0.005650453773802353,0.68
LH,100,3,0.1,1.4243621941786464,0.45225150205430614,0.007862809614921015,0.005284965561086406,0.6
LRCX,50,4,0.3,5.138710756103267,2.832164839315848,0.017679669123980606,0.007667702415500157,0.6
LW,50,3,0.3,0.9253994280572855,0.3865707110433542,0.011282054917798127,0.005580227606078448,0.44
LVS,200,3,0.1,1.5943655236801537,1.2951681993454858,0.036272770015166586,0.03798337330833179,0.6
LDOS,200,8,0.1,0.8007621884795002,0.19504430044625734,0.011933000882097465,0.004785248863042305,0.52
LEN,50,3,0.1,1.5635754109808138,0.7720540459227603,0.019153716396313768,0.007612837143902435,0.36
LIN,50,8,0.2,3.738138406630026,2.1396385163553533,0.022553851505971605,0.026062292767556033,0.56
LYV,50,3,0.3,0.9234232764137771,0.51321129820887,0.01386179686569102,0.004079362142780265,0.6
LKQ,200,8,0.1,0.5125897760690594,0.27673543831986763,0.011563361589523164,0.005947457777452894,0.64
LMT,50,3,0.2,2.981638158357204,1.368664350561668,0.009233508220330195,0.00513855172928325,0.56
LOW,200,3,0.1,2.959131077548472,1.3888647924437716,0.020733681004318716,0.00423179695742198,0.56
LYB,50,3,0.2,1.6844457315526769,0.9452544103915655,0.024255159424523828,0.01735029191113355,0.36
MTB,100,3,0.1,1.8134780799932297,0.5612952872639752,0.01269641545828005,0.0062958060671871735,0.64
MRO,50,3,0.3,0.5633482593610302,0.44608817690451064,0.03748734942803546,0.028486239968347666,0.44
MPC,50,3,0.2,1.2659471398501971,0.5390674941899252,0.023285527890838854,0.01627177868097252,0.4
MKTX,100,8,0.3,8.584542881843468,9.467167769050505,0.027390197269681026,0.02184306507775734,0.28
MAR,50,3,0.1,2.243325725715947,0.9335937837797357,0.01575007358481371,0.006503909377750746,0.56
MMC,200,3,0.3,1.7367731919115847,0.8456418279518679,0.014603665020784704,0.006405257134889432,0.48
MLM,100,8,0.2,3.5163974153147564,1.409550112585938,0.01165369378786164,0.004446250040871986,0.6
MAS,50,4,0.1,0.578814665401986,0.12328650016566027,0.012982727543792367,0.005653793583483216,0.56
MA,100,8,0.3,3.3229892149825524,0.7372310565945852,0.016409135792587612,0.010171336473154716,0.52
MTCH,200,3,0.3,2.1377403292153967,2.1827589282349176,0.02754908111775826,0.019755380270358596,0.52
MKC,200,5,0.3,0.6179208505798516,0.24047739222259953,0.009241095580301215,0.004450395800906574,0.6
MCD,100,3,0.3,1.79046764098326,0.44972319044728004,0.011526760622610448,0.007655471312170023,0.56
MCK,50,3,0.1,4.140064103004322,2.612507795926833,0.017476004566047386,0.011418188881376428,0.48
MDT,100,4,0.2,2.043947651680103,0.7231361420443744,0.02002594687268814,0.004785719537429885,0.56
MRK,50,3,0.3,1.1965426742371743,0.7345605587519126,0.015984487799153034,0.01031169295296325,0.76
META,50,3,0.3,2.5776338367303913,0.7352046781949029,0.014064435854774546,0.011751327936261961,0.6
MET,100,4,0.1,0.6464877939321234,0.22896407955854756,0.013653106100411913,0.008209385888474835,0.48
MTD,50,4,0.3,11.987963069610757,5.578124307385652,0.013029275752804484,0.008959495863970868,0.76
MGM,500,3,0.01,0.6348840430090764,0.3260341782904736,0.017639039503139355,0.006851837715871375,0.44
MCHP,50,5,0.3,1.0299312277940211,0.4094377522485207,0.018511661639177546,0.004227788902867306,0.52
MU,50,8,0.2,0.9229782276712554,0.30178101107513666,0.023224342970081413,0.014479590483110502,0.6
MSFT,500,8,0.1,3.2803730693909956,2.918776565042257,0.017400226691280846,0.009382092858202453,0.6
MAA,50,5,0.2,1.301605978899482,0.4616979546078418,0.011286321644764898,0.008022651714604609,0.48
MRNA,200,5,0.01,7.954973515852042,8.15168085237297,0.04335306346165406,0.013852446886251646,0.64
MHK,100,3,0.1,2.6769518371484726,1.8563162072440673,0.012519377395328986,0.00819574365167414,0.68
MOH,50,3,0.1,2.857021784006579,1.322324414051296,0.017494902499909322,0.006434074253537008,0.4
TAP,50,3,0.3,0.9408280116587798,0.35119926574925414,0.014389003456925134,0.006370591277979346,0.52
MDLZ,500,4,0.01,0.6471488248702923,0.11445228227971034,0.012113636324808967,0.004426024831285236,0.36
MPWR,200,3,0.2,8.915444366803413,10.142896166725334,0.023998790704468965,0.01687742795473243,0.56
MNST,50,4,0.1,0.49175055508260745,0.23572644963894152,0.01516131973739078,0.010542307397768338,0.48
MCO,200,4,0.3,2.3928355264347503,1.1762056142215995,0.011144293620395684,0.005889430081094904,0.64
MS,50,3,0.2,0.7448043743093059,0.20813466541353767,0.01390403857951148,0.008226444738982331,0.64
MOS,200,3,0.1,0.8978913622210856,0.6664417748133249,0.03170212747887188,0.026518934274685834,0.68
MSI,100,4,0.2,2.9704321063282153,2.1426239394591176,0.017035954350242473,0.008063563134070318,0.44
MSCI,500,4,0.01,4.069200198540964,3.419645666195837,0.018280978426410202,0.012185332133970928,0.48
NDAQ,500,8,0.2,0.3993816499346549,0.11868390690698492,0.011548008614620079,0.007554183820146747,0.56
NTAP,50,4,0.3,0.8734106703041922,0.7258435757120905,0.013239759128449439,0.006754938485670534,0.44
NFLX,200,3,0.1,7.600933764884667,4.115067000788268,0.02367894333541214,0.016167926564928953,0.48
NEM,50,3,0.2,0.7471961342965775,0.17977615816276038,0.02391854358989667,0.01753309386316303,0.52
NWSA,50,3,0.1,0.4411984791532274,0.40609771532941075,0.030361116973125397,0.03558858951238671,0.68
NWS,200,3,0.1,0.3203793468566267,0.23227205007828852,0.019300370942002577,0.019230781692432204,0.76
NEE,50,3,0.3,1.1743712586996284,1.3466564386297946,0.018895225142230316,0.014635108784599254,0.56
NKE,100,3,0.2,1.716496505693965,0.8321619727575205,0.018958068852981184,0.010306761063744554,0.4
NI,50,3,0.3,0.28010796095890594,0.052070950355071956,0.012457057358410819,0.004725866550190931,0.68
NDSN,200,5,0.2,3.9268597037643884,1.5619623239300218,0.027390648143683215,0.01801873135100555,0.68
NSC,500,3,0.3,2.0977133300453223,0.3984351030021644,0.014538838518528042,0.009717714951080285,0.56
NTRS,50,3,0.1,1.4804710440390312,0.7224171947601995,0.018424116409007384,0.012973036801755317,0.36
NOC,50,8,0.3,2.8437678236382533,0.9130615141322276,0.008801319263137625,0.003900289680350605,0.56
NCLH,500,3,0.3,0.6617868849611551,0.30922214371414136,0.015090914602300793,0.007165239887019823,0.56
NRG,200,3,0.2,0.6561745138084467,0.43741941966533565,0.017588453670994316,0.0098896769472657,0.64
NUE,50,3,0.2,2.3602934905852626,1.7870438529680377,0.02901596229170783,0.016010691312585316,0.44
NVDA,100,3,0.1,6.807200947884255,7.677385709696847,0.035910250320610626,0.025616460447090032,0.52
NVR,50,3,0.2,52.341391386170265,17.18644252243632,0.013101448090169901,0.0070741547698830315,0.6
NXPI,50,4,0.2,2.264827329190646,1.5816699290874203,0.0134070415813892,0.0065880360301395656,0.52
ORLY,50,3,0.1,6.261086333624058,2.357776499483207,0.014784879129163198,0.009719257515201033,0.56
OXY,50,4,0.3,1.414844662299956,0.8925481527592655,0.030817081831362468,0.020377039294253246,0.56
ODFL,500,3,0.3,3.874565544215334,3.5134126521887925,0.018589142318093464,0.009153881580187253,0.44
OMC,50,4,0.1,1.0532640424640114,0.5556741433313502,0.013417599416929585,0.00603451914280086,0.4
ON,50,5,0.1,0.8548281682493434,0.6691587453230783,0.02153963959698049,0.004410021838271355,0.44
OKE,100,3,0.1,0.869982358258731,0.3180919687886774,0.022919685008045976,0.01847043726971824,0.6
ORCL,200,3,0.2,1.0533286943293114,0.9740870975818632,0.012698327583684615,0.007121298101394836,0.48
OGN,500,4,0.01,1.031798418855618,0.8085161292731508,0.03758785153403925,0.03318183735975315,0.28
OTIS,500,3,0.1,1.1677026273170499,0.37414491142410583,0.01397995132085067,0.006754811007738871,0.64
PCAR,100,5,0.1,0.5916214002970632,0.1857002389898106,0.012290163137297914,0.007068797793906739,0.6
PKG,50,3,0.2,1.3658598463364637,0.4900619720223494,0.012444996710228588,0.007229617332325129,0.72
PANW,50,3,0.1,4.959696202657546,6.228515007436447,0.03244964802020162,0.03133369269794283,0.48
PARA,200,8,0.1,0.9452206536006518,0.5331010761759929,0.024904921599830192,0.012921061712636957,0.44
PH,100,3,0.1,3.8107655111799446,2.2296721648852804,0.01513510879767761,0.00557624999257303,0.36
PAYX,500,3,0.01,1.0521596241683446,0.47803594789318704,0.01227040753384448,0.0067442078642369965,0.4
PAYC,50,3,0.3,7.051013187430743,6.810947822308881,0.02951516130645256,0.021375111566188543,0.4
PYPL,500,5,0.01,2.414873407036186,2.044201894639777,0.017607371823363638,0.008983487770308076,0.52
PNR,100,3,0.1,1.1028377994821477,0.6487392035135287,0.02577136861205993,0.023709873677753512,0.44
PEP,100,3,0.1,1.5429518002814326,0.5600836966468694,0.011393999327899567,0.005505036920027963,0.56
PFE,50,4,0.1,0.5588266378063256,0.23500082797902275,0.015234963821284619,0.0052623385076110835,0.4
PCG,50,8,0.3,0.6943960575965102,0.4583231769489177,0.028914038004597666,0.030785531001438476,0.44
PM,500,3,0.01,1.0910661868075044,0.9267172159479107,0.01461641722285543,0.014350182080618123,0.64
PSX,50,8,0.2,1.4443009223272139,0.7738230231204068,0.019879121129488014,0.012590096469751013,0.44
PNW,50,4,0.3,0.7058273518196971,0.18068114874208768,0.00934259417654911,0.0041840095234660386,0.6
PXD,50,8,0.2,4.323551592313686,3.764626400219579,0.0400728454136207,0.042566550110924604,0.68
PNC,500,3,0.1,2.112136985668588,0.15619707339962463,0.01758598191454347,0.0071907370282152565,0.56
POOL,50,5,0.3,2.580781696619251,0.7698126198786163,0.012873660072077974,0.004769881142637918,0.72
PPG,200,4,0.2,1.295816122808936,0.23171046274844828,0.009662239421538977,0.00416262839429657,0.72
PPL,100,3,0.3,0.28105628923309756,0.133551267614924,0.009836459565474354,0.006947522355638438,0.76
PFG,50,5,0.2,0.8406293664485267,0.45177667891844697,0.015000501828214611,0.011236475621589092,0.6
PG,50,3,0.3,1.1815527982628633,0.5504812582025471,0.011059248910500887,0.007528877140244301,0.48
PGR,50,4,0.3,0.7043010179170653,0.12385102239626394,0.011743788211756766,0.006595757053712717,0.64
PLD,100,3,0.1,1.1644662338388132,0.2532780167049943,0.015934330303102987,0.00926704292587952,0.48
PRU,500,4,0.1,1.3706575782733954,0.41385656566604145,0.017595570971033113,0.00904619637940238,0.56
PEG,100,3,0.3,0.4743016362823481,0.10946127229954221,0.009795602137226427,0.0048234367786212625,0.6
PTC,100,3,0.1,1.240442410984065,0.6691887439831469,0.01241495420696408,0.0023668190648516952,0.48
PSA,100,8,0.1,2.4294666350864036,1.3064115694630143,0.011020489305356379,0.00840580394205631,0.56
PHM,200,3,0.1,0.5445697799394247,0.2599944007312879,0.013925712523388195,0.009900962076350649,0.52
QRVO,50,3,0.3,3.0524269122372223,2.1840433139952,0.026535110890790647,0.018033647906321695,0.56
PWR,500,3,0.3,1.7495464140323946,1.419065107964871,0.02200126452211555,0.014279226770587034,0.52
QCOM,50,5,0.3,1.3124317967257384,0.6183706209107038,0.01696260681130724,0.01340046440790246,0.6
DGX,200,4,0.2,0.7148551979766605,0.5351223813031182,0.007852891824178632,0.008691024412546267,0.8
RL,100,8,0.3,1.7556584604150713,0.7204244157471621,0.016605767828020052,0.007413128879615247,0.64
RJF,100,3,0.1,1.0939436198423234,0.5128269311484566,0.014836236851966111,0.005839352706978234,0.52
RTX,50,3,0.3,1.0906195853854217,0.4838709618643338,0.014860201640920695,0.01055181296052225,0.64
O,100,8,0.2,0.5636127942670935,0.1620878001901768,0.010681569718082708,0.006344540902000517,0.68
REG,50,4,0.1,0.9244510750642128,0.39834285608964115,0.014332620749531913,0.008498286027004075,0.6
REGN,50,3,0.3,17.16915400075029,8.77808798788691,0.029986333970727197,0.013491656771704134,0.4
RF,100,8,0.1,0.23790821273779636,0.08753385009084483,0.016457734196057804,0.010113200437347232,0.72
RSG,100,8,0.2,1.022524080235059,0.6044198683071536,0.011513645806343238,0.006663659169547111,0.48
RMD,500,8,0.1,3.1880887663821738,2.1216418099960146,0.021640410592829708,0.01029452435220101,0.52
RVTY,200,3,0.1,1.2229689261790253,0.3051250450501556,0.013561999589550164,0.007064604813676128,0.36
RHI,50,3,0.1,0.7928085872752336,0.45560411363488734,0.011769402920229594,0.008315382959502897,0.56
ROK,100,8,0.1,2.6502352594464873,0.5920231290502558,0.013757075439789481,0.005811505402750369,0.56
ROL,50,4,0.2,0.3460706540004945,0.06662954249934003,0.01438159418057015,0.006634142522238105,0.56
ROP,50,3,0.1,3.7651109490919623,1.9701602476865567,0.012493083062727795,0.01036192643175461,0.4
ROST,500,3,0.01,1.7277539520522047,0.6374996240577765,0.01768660169555228,0.002681965969443467,0.44
RCL,50,3,0.2,2.4914311114125516,0.44284267384540776,0.023159327435630622,0.0029825151137200367,0.32
SPGI,50,3,0.2,2.6958968355165203,1.426185776391455,0.009503632909873171,0.00507811871187683,0.76
CRM,100,4,0.2,3.673150086299998,1.6832320667003697,0.02308841047983846,0.009593593148322197,0.48
SBAC,50,8,0.2,4.221985507670595,1.4435230530550396,0.01991247308035498,0.011461129122085792,0.36
SLB,500,3,0.1,1.4679194469995964,1.2208110797102443,0.027823005487882784,0.018058967115533682,0.44
STX,50,3,0.1,1.0125466868844386,0.6987487275269486,0.018858415492368785,0.00905156839629403,0.56
SEE,500,8,0.01,0.7228298495467349,0.22003259385585833,0.014486787412176244,0.0028119333458648988,0.64
SRE,200,3,0.3,0.595784209081318,0.0816395682361741,0.01131948537582993,0.003996704828233165,0.6
NOW,50,3,0.2,10.870784568692846,11.66615317506143,0.02732600667188586,0.015912127326805883,0.32
SHW,500,3,0.3,1.8519275559209334,0.8747339996949116,0.010340637750347914,0.0038560059009422752,0.68
SPG,50,3,0.2,1.6864729152166635,0.7834345424709649,0.012236624892427914,0.005964461058388562,0.68
SWKS,100,3,0.3,1.7696785828304271,0.5128406740121649,0.016703710034587683,0.008473977895599826,0.44
SJM,100,3,0.3,2.7959666452133645,1.2402689852759825,0.022422205352686728,0.011945838061405926,0.68
SNA,50,8,0.3,2.3523813354959566,1.043589594124818,0.012855175700949068,0.007293057070570982,0.56
SEDG,50,8,0.3,8.266398163944128,5.8202002767301355,0.06199754423830641,0.013734582897735988,0.64
SO,50,3,0.3,0.6111156015313133,0.32371847031524786,0.01172470322477237,0.0071510444548844865,0.48
LUV,200,3,0.1,0.788109425548873,0.5071363830966521,0.014336701259452217,0.007919335377979302,0.6
SWK,200,5,0.3,1.8337560506302304,1.2608856031214923,0.013840699910373549,0.010347329164995136,0.64
SBUX,50,4,0.2,0.8595690909838737,0.3533971456976116,0.011340400247451112,0.00976502091542739,0.76
STT,500,5,0.2,1.5557634672854976,0.9815501196983539,0.019969200563084814,0.010970984963582845,0.48
STLD,200,5,0.1,1.150722233215495,0.7693800042945372,0.023926726152161442,0.012024216481006201,0.64
STE,50,5,0.2,1.3745259678881931,0.6362291733963301,0.008426863360865873,0.0038794687658071985,0.72
SYK,200,3,0.1,3.658255292104865,1.2647317231845236,0.017868223340214096,0.00820237886137847,0.56
SYF,100,4,0.2,0.5225179095322663,0.23314522436159185,0.012159593548695346,0.003262796687344606,0.52
SNPS,50,5,0.3,10.037361440662291,11.668928024624476,0.03711118896929982,0.033103209423737734,0.36
SYY,100,5,0.1,0.6216799681886191,0.1635801030244375,0.008977538867746361,0.002277982623670457,0.56
TMUS,50,3,0.3,1.0856624799203645,0.46072235927559296,0.010385940345040801,0.005234225226504721,0.56
TROW,500,4,0.3,1.5510308983760035,0.6152853816640381,0.012625162263686596,0.004734157823513549,0.56
TTWO,200,4,0.3,2.2410320779457793,1.1356068306588807,0.019058168390275004,0.01059275495007296,0.68
TPR,50,3,0.3,0.9648116431449856,0.44930270939414785,0.03594187373920581,0.024687138252451692,0.56
TRGP,500,8,0.01,1.3013108092977494,0.9731396317859722,0.030025205582726006,0.025011492899127824,0.6
TGT,500,3,0.1,4.791304830179605,3.652860683750128,0.03950140769634165,0.033435340630318076,0.6
TEL,50,3,0.2,0.8782674794834149,0.23342979204488862,0.008984912934199538,0.004448113320872225,0.6
TDY,50,3,0.2,3.403720675184394,1.7305746664884063,0.012118067233970829,0.005784519611475372,0.52
TFX,50,3,0.1,2.6218024788937044,0.6221561726856587,0.010293275132432797,0.005904099267707596,0.52
TER,50,3,0.3,1.026156249556704,0.44778011294190895,0.016795277778404043,0.007041565865037272,0.44
TSLA,500,3,0.1,2.586689593388768,2.498192726346225,0.025321560786336145,0.009186937115843678,0.36
TXN,500,3,0.01,1.3660730729427377,0.6177271174160524,0.013166692230425135,0.009394034848726588,0.68
TXT,50,3,0.2,1.017953703173263,0.6449557244989745,0.019002850559219443,0.016572596070405583,0.68
TMO,100,8,0.2,4.869361568299903,2.8463534211600314,0.014546681028694608,0.006463726077994395,0.6
TJX,100,3,0.1,1.5630537344696123,1.0253517262153888,0.024352535148908526,0.01345283281217888,0.36
TSCO,50,5,0.1,2.3070159653714013,0.6089691083295772,0.018462709412565496,0.007011763697255178,0.64
TT,50,4,0.2,1.6359055816115577,0.73596750591488,0.014259599127924055,0.003329055106426765,0.52
TDG,100,3,0.1,5.722505626453139,2.933329537734339,0.011263781028030396,0.0029806083435898723,0.64
TRV,200,4,0.3,1.5079294974113864,0.552507195134114,0.010743664478650257,0.005467711583415485,0.72
TRMB,50,8,0.2,1.5108767642714258,1.3924846492199001,0.02875441479030217,0.020913556093913224,0.48
TFC,500,3,0.01,0.5407041165688838,0.29371825206244784,0.013476187781909713,0.008632325434647089,0.6
TYL,50,3,0.2,3.1601597183791874,1.2650046807280872,0.010317241473554997,0.005939234669690274,0.64
TSN,200,8,0.1,1.1060438605511556,0.8786099901555156,0.01680479838892686,0.011897802584761651,0.56
USB,50,3,0.2,0.5621475895190283,0.20181500393849996,0.012218960793971684,0.0070689567686617215,0.6
UDR,100,8,0.3,0.5192924047409428,0.29888420174797314,0.01305107257354107,0.00838605080745853,0.56
ULTA,50,8,0.2,9.352695271984429,4.130990550407039,0.024636370886144184,0.005350368046032971,0.6
UNP,50,3,0.1,1.8523506525379054,0.8418090366332275,0.013292687557632632,0.010040808859513197,0.48
UAL,200,3,0.01,1.3849833975647186,0.48577067745232616,0.019779750014176752,0.006043457019728403,0.56
UPS,500,3,0.01,1.1646460478823648,0.6013881357532063,0.009114323621399469,0.006063821359653495,0.72
URI,50,3,0.1,5.042403857739683,2.5241166112241475,0.02296565697897307,0.0059197532467589265,0.52
UNH,200,8,0.1,4.552423076818949,3.1950514107606867,0.016926027437982053,0.00936322987470617,0.6
UHS,50,5,0.2,2.1631310620778352,1.2033966202132336,0.013003915525676184,0.0063027920167428335,0.52
VLO,50,5,0.3,1.2774504319729236,0.2977115980141087,0.016464419040015783,0.005057692778865849,0.48
VTR,100,3,0.2,0.888929402487093,0.7741641107179958,0.019065434747398424,0.020831920924794915,0.68
VRSN,50,4,0.2,1.6321767913460985,0.9021506256309993,0.009110550857514513,0.004122864489932702,0.68
VRSK,50,8,0.2,1.3964036003810945,0.6328728336006595,0.00869930060640324,0.002971750869871351,0.72
VZ,50,3,0.1,0.3699219359524427,0.2550494963974428,0.008799788360793663,0.007507432761475099,0.56
VRTX,100,4,0.1,2.53186400117752,1.1186173600965237,0.011753640844000688,0.007826269702396974,0.8
VFC,50,3,0.1,0.7431488497287351,0.4676001658569606,0.01364158212256401,0.009047540989625695,0.68
VTRS,100,3,0.2,0.45018705072037524,0.32039598939923514,0.016265095216409363,0.006430911385233025,0.44
VICI,50,8,0.3,0.451546556904246,0.34488406854723386,0.022529341046179145,0.026627182147577765,0.52
V,50,5,0.3,2.4757363251311526,0.7689937321323278,0.01661635368613739,0.011728672653661587,0.4
VMC,500,3,0.1,1.6520071447616431,0.4508773308188631,0.011194116526155479,0.005705868910462853,0.56
WAB,500,3,0.01,1.2140681407753982,0.7567804579335794,0.013294087835341917,0.008687499970331199,0.48
WBA,100,8,0.1,1.0479507852754868,0.6935015953241982,0.019533191160619474,0.012354760421407466,0.48
WMT,100,8,0.2,1.4885327912353492,1.0301725167040998,0.018019917019126187,0.022505422290340922,0.44
WBD,500,8,0.2,0.5933021885560188,0.4791822709587243,0.020941845461778668,0.01693301825204056,0.6
WM,200,8,0.1,1.1171568432952643,0.6617441513854031,0.009937846689664983,0.004320563214110862,0.56
WAT,50,3,0.2,2.867527777671426,0.6536435879363677,0.01254503667050536,0.006921677680957844,0.56
WEC,50,8,0.2,0.9556585351470112,0.47884272306604153,0.013286681495776203,0.007012132199925636,0.4
WFC,50,3,0.2,0.6667604854696767,0.44537965317666284,0.013910785081369528,0.009648522672528559,0.64
WELL,50,5,0.2,0.5311934463080886,0.2719713628953133,0.007637945873690219,0.004948455112929592,0.6
WST,500,8,0.1,3.257393005017607,2.1897959627290198,0.013918766444143537,0.005956690764831348,0.6
WDC,50,4,0.2,1.6868114883346756,0.6716946875236407,0.023995177374514613,0.009633630200189387,0.6
WRK,200,8,0.1,0.6854967265011694,0.1624892526762886,0.01521589578128262,0.0036439398166160223,0.56
WY,50,3,0.2,0.4260215458955029,0.19980844714434312,0.014675215910550893,0.009106833362254088,0.44
WHR,50,3,0.1,2.3004409921694724,0.9447460483069366,0.013764976199019346,0.006948341809040486,0.44
WMB,50,3,0.2,0.39126928327348576,0.31233827736449654,0.013645881075014596,0.00956078143791949,0.68
WTW,500,3,0.01,2.264217330243151,0.8179026329540808,0.011869678191727007,0.005705026276683321,0.4
GWW,50,3,0.3,4.715836693732724,1.8791830874850886,0.018037801115865205,0.014352928035816817,0.64
WYNN,100,3,0.1,4.246089260923869,3.8489782714403513,0.04882295704145705,0.06053731155612592,0.36
XEL,100,3,0.2,0.7730180275927363,0.2975907698448828,0.014595850326110165,0.005584377350459011,0.56
XYL,200,3,0.1,1.5351876245232206,0.8359677145579117,0.02011427245814704,0.012042354337531763,0.44
YUM,50,4,0.2,0.8588417813998568,0.3036273998043027,0.009584845423625287,0.0074866446119904555,0.68
ZBRA,50,4,0.2,4.877143090046848,5.375244519638169,0.015475140718181188,0.009097774874637579,0.44
ZBH,100,8,0.3,1.7858491745483973,0.6114164106025584,0.012854702773407351,0.006785438336860123,0.68
ZION,500,4,0.3,0.8442315090633581,0.33975021608039785,0.021517141262944846,0.010291702546480283,0.56
ZTS,100,3,0.1,1.5606647462671908,0.9447718163226084,0.012190372506399481,0.007656717524587654,0.56
